Inside Mgt No.,Co. code,Business pattern code,Line No.,Ref. origin type,Sales actual Mgt No.,Order Mgt No.,Sales slip No.,Ord No.,Accpt count,Receiving check No.,Chargeable supply No.,Temp. order No.,Bad disposal history slip No.,Bad disposal history correction count,Bad disposal history correction type,Exception cost history slip No.,Exception cost history correction count,Exception cost history correction type,Generation Proc type,Cust code,Cust item No.,Cust item name,Last delivery place code,Cust order No.,Plant code,Item No.,Item name,UC,UC type,Qt.,Measure unit,Amt,Sales date,Consumption tax code,Accnt interface flag,Accnt IF EXEC date,AiIF record type column value(debtor),AiIF record type column value(creditor),Ai slip type(debtor),Ai slip type(creditor),Ai issue section(debtor),Ai issue section(creditor),Ai calculation item(debtor),Ai calculation item(creditor),Ai auxiliary item(debtor),Ai auxiliary item(creditor),Ai charge division code(debtor),Ai charge division code(creditor),Ai detail summary(debtor),Ai detail summary(creditor),Ai detail outline name type,Ai consumption tax judgment type(debtor),Ai consumption tax judgment type(creditor),Accnt IF EXEC date,Including tax or Excluding tax type,Tax rates 1,Tax rates 2,Tax rates 3,Currency code,Create slip type,Slip Mgt company code,Ship returned goods flag,Gr company type,Dealings Div.,Dealings Gr type,Bad disposal type,Cost processing type,Partner code,UC Mgt company code,UC acquisition destination type,UC acquisition destination traders code,UC basic date,UC basic Qt.,Journalizing judgment type,Invoice No.,BOItype,ASIA IF EXEC date
"96684","50","A021","1","1","500000096863","50OCN0000138636","50SLD0000217200","","0","0","","","","0","0","","0","0","1","D20110","8983518040","GEAR;INJ PUMP","ZZ","FKJO402778","51","898351-8040","GEAR;SUPPLY PUMP","201.96","2","300","pcs","60588","2019/10/31","010","0","","","","","","","","12031201","71020000","","1","","","","","0","0","0","010","0","0","0","0","THB","1","50","1","1","0","0","0","0","*","*","*","*","2019/10/31","300","1","5019100364","","2019/10/31"
"96685","50","A021","1","1","500000096864","50OCN0000138546","50SLD0000217201","","0","0","","","","0","0","","0","0","1","D20110","8983518040","GEAR;INJ PUMP","ZZ","FKJO402611","51","898351-8040","GEAR;SUPPLY PUMP","201.96","2","90","pcs","18176.4","2019/10/31","010","0","","","","","","","","12031201","71020000","","1","","","","","0","0","0","010","0","0","0","0","THB","1","50","1","1","0","0","0","0","*","*","*","*","2019/10/31","90","1","5019100364","","2019/10/31"
"96686","50","A021","1","1","500000096865","50OCN0000138545","50SLD0000217202","","0","0","","","","0","0","","0","0","1","D20110","8983518040","GEAR;INJ PUMP","ZZ","DFJO401643","51","898351-8040","GEAR;SUPPLY PUMP","201.96","2","90","pcs","18176.4","2019/10/31","010","0","","","","","","","","12031201","71020000","","1","","","","","0","0","0","010","0","0","0","0","THB","1","50","1","1","0","0","0","0","*","*","*","*","2019/10/31","90","1","5019100364","","2019/10/31"
"96687","50","A021","1","1","500000096866","50OCN0000138548","50SLD0000217203","","0","0","","","","0","0","","0","0","1","D20110","8983828360","PUMP ASM;WATER","ZZ","DFJO401645","51","898382-8360","WATER PUMP ASSY","449.87","2","300","pcs","134961","2019/10/30","010","0","","","","","","","","12031201","71020000","","1","","","","","0","0","0","010","0","0","0","0","THB","1","50","1","1","0","0","0","0","*","*","*","*","2019/10/30","300","1","5019100355","","2019/10/31"
"96688","50","A021","1","1","500000096867","50OCN0000138549","50SLD0000217204","","0","0","","","","0","0","","0","0","1","D20110","8983828360","PUMP ASM;WATER","ZZ","FKJO402612","51","898382-8360","WATER PUMP ASSY","449.87","2","100","pcs","44987","2019/10/30","010","0","","","","","","","","12031201","71020000","","1","","","","","0","0","0","010","0","0","0","0","THB","1","50","1","1","0","0","0","0","*","*","*","*","2019/10/30","100","1","5019100355","","2019/10/31"
"96689","50","A021","1","1","500000096868","50OCN0000138638","50SLD0000217205","","0","0","","","","0","0","","0","0","1","D20110","8983828360","PUMP ASM;WATER","ZZ","FKJO402780","51","898382-8360","WATER PUMP ASSY","449.87","2","100","pcs","44987","2019/10/31","010","0","","","","","","","","12031201","71020000","","1","","","","","0","0","0","010","0","0","0","0","THB","1","50","1","1","0","0","0","0","*","*","*","*","2019/10/31","100","1","5019100363","","2019/10/31"
"96690","50","A021","1","1","500000096869","50OCN0000134638","50SLD0000217206","","0","0","","","","0","0","","0","0","1","D20130","8983828360","PUMP ASM; WATER","ZZ","1K9C015800","51","898382-8360-SP","WATER PUMP ASSY","483.78","2","2","pcs","967.56","2019/10/30","010","0","","","","","","","","12031201","71020000","","1","","","","","0","0","0","010","0","0","0","0","THB","1","50","1","1","0","0","0","0","*","*","*","*","2019/10/30","2","1","5019100340","","2019/10/31"
"96691","50","A021","1","1","500000096870","50OCN0000134643","50SLD0000217207","","0","0","","","","0","0","","0","0","1","D20130","8983828360","PUMP ASM; WATER","ZZ","1K9B577400","51","898382-8360-SP","WATER PUMP ASSY","483.78","2","2","pcs","967.56","2019/10/30","010","0","","","","","","","","12031201","71020000","","1","","","","","0","0","0","010","0","0","0","0","THB","1","50","1","1","0","0","0","0","*","*","*","*","2019/10/30","2","1","5019100340","","2019/10/31"
"96692","50","A021","1","1","500000096871","50OCN0000134637","50SLD0000217208","","0","0","","","","0","0","","0","0","1","D20130","8983860670","GASKET;PUMP TO C/BL","ZZ","1K9C017000","51","898386-0670-SP","GASKET;PUMP TO C/BL","13.62","2","14","pcs","190.68","2019/10/30","010","0","","","","","","","","12031201","71020000","","1","","","","","0","0","0","010","0","0","0","0","THB","1","50","1","1","0","0","0","0","*","*","*","*","2019/10/30","14","1","5019100340","","2019/10/31"
"96693","50","A021","1","1","500000096872","50OCN0000136936","50SLD0000217209","","0","0","","","","0","0","","0","0","1","D20121","8984823710","BRAKE ASSY FRr RH (STD)","ZZ","KG9O002042","51","898482-3710","BRAKE ASSY FRr RH (STD)","9575","2","6","pcs","57450","2019/10/31","010","0","","","","","","","","12031201","71020000","","1","","","","","0","0","0","010","0","0","0","0","THB","1","50","1","1","0","0","0","0","*","*","*","*","2019/10/31","6","1","5019100358","","2019/10/31"
"96694","50","A021","1","1","500000096873","50OCN0000136939","50SLD0000217210","","0","0","","","","0","0","","0","0","1","D20121","8984823740","BRAKE ASSY RRr RH (STD)","ZZ","KG9O002045","51","898482-3740","BRAKE ASSY RRr RH (STD)","9289","2","6","pcs","55734","2019/10/31","010","0","","","","","","","","12031201","71020000","","1","","","","","0","0","0","010","0","0","0","0","THB","1","50","1","1","0","0","0","0","*","*","*","*","2019/10/31","6","1","5019100358","","2019/10/31"
"96695","50","A021","1","1","500000096874","50OCN0000136942","50SLD0000217211","","0","0","","","","0","0","","0","0","1","D20121","8984823770","BRAKE ASSY FRr LH (STD)","ZZ","KG9O002048","51","898482-3770","BRAKE ASSY FRr LH (STD)","9575","2","6","pcs","57450","2019/10/31","010","0","","","","","","","","12031201","71020000","","1","","","","","0","0","0","010","0","0","0","0","THB","1","50","1","1","0","0","0","0","*","*","*","*","2019/10/31","6","1","5019100358","","2019/10/31"
"96696","50","A021","1","1","500000096875","50OCN0000136945","50SLD0000217212","","0","0","","","","0","0","","0","0","1","D20121","8984823800","BRAKE ASSY RRr LH (STD)","ZZ","KG9O002051","51","898482-3800","BRAKE ASSY RRr LH (STD)","9289","2","6","pcs","55734","2019/10/31","010","0","","","","","","","","12031201","71020000","","1","","","","","0","0","0","010","0","0","0","0","THB","1","50","1","1","0","0","0","0","*","*","*","*","2019/10/31","6","1","5019100358","","2019/10/31"
"96697","50","A021","1","1","500000096876","50OCN0000135681","50SLD0000217213","","0","0","","","","0","0","","0","0","1","D20123","8983262660","CAM SHAFT ;BRK;RR","ZZ","5K9A017500","51","G175-13210-SP","CAM SHAFT  Rr","1664.12","2","1","pcs","1664.12","2019/10/30","010","0","","","","","","","","12031201","71020000","","1","","","","","0","0","0","010","0","0","0","0","THB","1","50","1","1","0","0","0","0","*","*","*","*","2019/10/30","1","1","5019100343","","2019/10/31"
"96698","50","A021","1","1","500000096877","50OCN0000135683","50SLD0000217214","","0","0","","","","0","0","","0","0","1","D20124","8983259290","AUTO SLACK ADJ ASSY","ZZ","5K9A017300","51","G300-17200-SP","AUTO SLACK ADJ ASSY","2224.12","2","4","pcs","8896.48","2019/10/30","010","0","","","","","","","","12031201","71020000","","1","","","","","0","0","0","010","0","0","0","0","THB","1","50","1","1","0","0","0","0","*","*","*","*","2019/10/30","4","1","5019100342","","2019/10/31"
"96699","50","A021","1","1","500000096878","50OCN0000135682","50SLD0000217215","","0","0","","","","0","0","","0","0","1","D20124","8983259300","ADJUSTER ASM;SLACK;RR BRK","ZZ","5K9A017400","51","G300-17300-SP","AUTO SLACK ADJ ASSY","2224.12","2","4","pcs","8896.48","2019/10/30","010","0","","","","","","","","12031201","71020000","","1","","","","","0","0","0","010","0","0","0","0","THB","1","50","1","1","0","0","0","0","*","*","*","*","2019/10/30","4","1","5019100342","","2019/10/31"
"96700","50","A021","1","1","500000096879","50OCN0000136342","50SLD0000217216","","0","0","","","","0","0","","0","0","1","D20210","MD372348V","PACKING;SEMI-CIRCULAR","ZZ","A3M9BB3077","51","MD372348-LP","PACKING SEMI-CIRCULAR","6.47","2","300","pcs","1941","2019/10/30","010","0","","","","","","","","12031201","71020000","","1","","","","","0","0","0","010","0","0","0","0","THB","1","50","1","1","0","0","0","0","*","*","*","*","2019/10/30","300","1","F119100283","","2019/10/31"
"96701","50","A021","1","1","500000096880","50OCN0000136349","50SLD0000217217","","0","0","","","","0","0","","0","0","1","D20210","ME229892","GEAR; CRANK SHAFT","ZZ","A3M9BB3098","51","ME229892","GEAR  CRANKSHAFT","422.59","2","12","pcs","5071.08","2019/10/30","010","0","","","","","","","","12031201","71020000","","1","","","","","0","0","0","010","0","0","0","0","THB","1","50","1","1","0","0","0","0","*","*","*","*","2019/10/30","12","1","F119100283","","2019/10/31"
"96702","50","A021","1","1","500000096881","50OCN0000136350","50SLD0000217218","","0","0","","","","0","0","","0","0","1","D20210","ME229892","GEAR; CRANK SHAFT","ZZ","A3M9BB3099","51","ME229892","GEAR  CRANKSHAFT","422.59","2","12","pcs","5071.08","2019/10/30","010","0","","","","","","","","12031201","71020000","","1","","","","","0","0","0","010","0","0","0","0","THB","1","50","1","1","0","0","0","0","*","*","*","*","2019/10/30","12","1","F119100285","","2019/10/31"
"96703","50","A021","1","1","500000096882","50OCN0000136348","50SLD0000217219","","0","0","","","","0","0","","0","0","1","D20210","ME229892","GEAR; CRANK SHAFT","ZZ","A3M9BB3100","51","ME229892","GEAR  CRANKSHAFT","422.59","2","12","pcs","5071.08","2019/10/31","010","0","","","","","","","","12031201","71020000","","1","","","","","0","0","0","010","0","0","0","0","THB","1","50","1","1","0","0","0","0","*","*","*","*","2019/10/31","12","1","F119100295","","2019/10/31"
"96704","50","A021","1","1","500000096883","50OCN0000138649","50SLD0000217220","","0","0","","","","0","0","","0","0","1","D20310","TC40214721","FORK;CLUTCH RELEASE","ZZ","41680591","51","TC402-1472-1","FORK  CLUTCH RELEASE","117.67","2","50","pcs","5883.5","2019/10/31","010","0","","","","","","","","12031201","71020000","","1","","","","","0","0","0","010","0","0","0","0","THB","1","50","1","1","0","0","0","0","*","*","*","*","2019/10/31","50","1","F319100093","","2019/10/31"
"96705","50","A021","1","1","500000096884","50OCN0000138650","50SLD0000217221","","0","0","","","","0","0","","0","0","1","D20310","TC40226631","FORK;DIFF.LOCK SHIFT","ZZ","41680592","51","TC402-2663-1","FORK  SHIFT DIFF LOCK","156.35","2","150","pcs","23452.5","2019/10/31","010","0","","","","","","","","12031201","71020000","","1","","","","","0","0","0","010","0","0","0","0","THB","1","50","1","1","0","0","0","0","*","*","*","*","2019/10/31","150","1","F319100093","","2019/10/31"
"96706","50","A021","1","1","500000096885","50OCN0000138651","50SLD0000217222","","0","0","","","","0","0","","0","0","1","D20310","TC40324402","FORK;SHIFT L-H","ZZ","41680593","51","TC403-2440-2","FORK  SHIFT L-H","185.12","2","60","pcs","11107.2","2019/10/31","010","0","","","","","","","","12031201","71020000","","1","","","","","0","0","0","010","0","0","0","0","THB","1","50","1","1","0","0","0","0","*","*","*","*","2019/10/31","60","1","F319100094","","2019/10/31"
"96707","50","A021","1","1","500000096886","50OCN0000138652","50SLD0000217223","","0","0","","","","0","0","","0","0","1","D20310","TC41224111","FORK;SHIFT RANGE","ZZ","41680594","51","TC412-2411-1","FORK  SHIFT(RANGE)","189.79","2","60","pcs","11387.4","2019/10/31","010","0","","","","","","","","12031201","71020000","","1","","","","","0","0","0","010","0","0","0","0","THB","1","50","1","1","0","0","0","0","*","*","*","*","2019/10/31","60","1","F319100093","","2019/10/31"
"96708","50","A021","1","1","500000096887","50OCN0000138653","50SLD0000217224","","0","0","","","","0","0","","0","0","1","D20310","TC42221152","CASE;MID","ZZ","41680589","51","TC422-2115-2","CASE MID","713.95","2","45","pcs","32127.75","2019/10/31","010","0","","","","","","","","12031201","71020000","","1","","","","","0","0","0","010","0","0","0","0","THB","1","50","1","1","0","0","0","0","*","*","*","*","2019/10/31","45","1","F319100093","","2019/10/31"
"96709","50","A021","1","1","500000096888","50OCN0000138654","50SLD0000217225","","0","0","","","","0","0","","0","0","1","D20310","TC42223513","FORK;SHIFT 1-2","ZZ","41680595","51","TC422-2351-3","FORK  SHIFT 1-2","164.71","2","80","pcs","13176.8","2019/10/31","010","0","","","","","","","","12031201","71020000","","1","","","","","0","0","0","010","0","0","0","0","THB","1","50","1","1","0","0","0","0","*","*","*","*","2019/10/31","80","1","F319100093","","2019/10/31"
"96710","50","A021","1","1","500000096889","50OCN0000138655","50SLD0000217226","","0","0","","","","0","0","","0","0","1","D20310","TC42223521","FORK;SHIFT 3-4","ZZ","41680596","51","TC422-2352-1","FORK  SHIFT 3-4","160.57","2","11","pcs","1766.27","2019/10/31","010","0","","","","","","","","12031201","71020000","","1","","","","","0","0","0","010","0","0","0","0","THB","1","50","1","1","0","0","0","0","*","*","*","*","2019/10/31","11","1","F319100093","","2019/10/31"
"96711","50","A021","1","1","500000096890","50OCN0000138656","50SLD0000217227","","0","0","","","","0","0","","0","0","1","D20310","TC42223713","COVER;CLUTCH HOUSING","ZZ","41680590","51","TC422-2371-3","COVER  CLUTCH HOUSING","406.72","2","60","pcs","24403.2","2019/10/31","010","0","","","","","","","","12031201","71020000","","1","","","","","0","0","0","010","0","0","0","0","THB","1","50","1","1","0","0","0","0","*","*","*","*","2019/10/31","60","1","F319100093","","2019/10/31"
"96712","50","A021","1","1","500000096891","50OCN0000138657","50SLD0000217228","","0","0","","","","0","0","","0","0","1","D20310","TC42224112","FORK;SHIFT RANGE","ZZ","41680597","51","TC422-2411-2","FORK  SHIFT(RANGE)","172.11","2","11","pcs","1893.21","2019/10/31","010","0","","","","","","","","12031201","71020000","","1","","","","","0","0","0","010","0","0","0","0","THB","1","50","1","1","0","0","0","0","*","*","*","*","2019/10/31","11","1","F319100093","","2019/10/31"
"96713","50","A021","1","1","500000096892","50OCN0000138658","50SLD0000217229","","0","0","","","","0","0","","0","0","1","D20310","TC42224612","FORK;SHIFT PTO","ZZ","41680598","51","TC422-2461-2","FORK  SHIFT PTO","130.2","2","20","pcs","2604","2019/10/31","010","0","","","","","","","","12031201","71020000","","1","","","","","0","0","0","010","0","0","0","0","THB","1","50","1","1","0","0","0","0","*","*","*","*","2019/10/31","20","1","F319100093","","2019/10/31"
"96714","50","A021","1","1","500000096893","50OCN0000138659","50SLD0000217230","","0","0","","","","0","0","","0","0","1","D20310","TC43221201","FORK;CLUTCH RELEASE","ZZ","41680599","51","TC432-2120-1","FORK  CLUTCH RELEASE","167.43","2","60","pcs","10045.8","2019/10/31","010","0","","","","","","","","12031201","71020000","","1","","","","","0","0","0","010","0","0","0","0","THB","1","50","1","1","0","0","0","0","*","*","*","*","2019/10/31","60","1","F319100094","","2019/10/31"
"96715","50","A021","1","1","500000096894","50OCN0000138660","50SLD0000217231","","0","0","","","","0","0","","0","0","1","D20310","TC43223511","FORK;SHIFT 1-2","ZZ","41680600","51","TC432-2351-1","FORK  SHIFT 1-2","239.79","2","60","pcs","14387.4","2019/10/31","010","0","","","","","","","","12031201","71020000","","1","","","","","0","0","0","010","0","0","0","0","THB","1","50","1","1","0","0","0","0","*","*","*","*","2019/10/31","60","1","F319100094","","2019/10/31"
"96716","50","A021","1","1","500000096895","50OCN0000138661","50SLD0000217232","","0","0","","","","0","0","","0","0","1","D20310","TC43223521","FORK;SHIFT 3-4","ZZ","41680601","51","TC432-2352-1","FORK  SHIFT 3-4","236.13","2","60","pcs","14167.8","2019/10/31","010","0","","","","","","","","12031201","71020000","","1","","","","","0","0","0","010","0","0","0","0","THB","1","50","1","1","0","0","0","0","*","*","*","*","2019/10/31","60","1","F319100094","","2019/10/31"
"96717","50","A021","1","1","500000096896","50OCN0000138662","50SLD0000217233","","0","0","","","","0","0","","0","0","1","D20310","TC43223671","FORK;SHIFT PTO","ZZ","41680602","51","TC432-2367-1","FORK  SHIFT PTO","176.53","2","40","pcs","7061.2","2019/10/31","010","0","","","","","","","","12031201","71020000","","1","","","","","0","0","0","010","0","0","0","0","THB","1","50","1","1","0","0","0","0","*","*","*","*","2019/10/31","40","1","F319100094","","2019/10/31"
"96718","50","A021","1","1","500000096897","50OCN0000138186","50SLD0000217234","","0","0","","","","0","0","","0","0","1","D20310","TC62021881","FORK;SHIFT(SHUTTLE)","ZZ","41675882","51","TC620-2188-1","FORK  SHIFT (SHUTTLE)","173.55","2","24","pcs","4165.2","2019/10/30","010","0","","","","","","","","12031201","71020000","","1","","","","","0","0","0","010","0","0","0","0","THB","1","50","1","1","0","0","0","0","*","*","*","*","2019/10/30","96","1","F319100090","","2019/10/31"
"96719","50","A021","1","1","500000096898","50OCN0000138664","50SLD0000217235","","0","0","","","","0","0","","0","0","1","D20310","TC62021881","FORK;SHIFT(SHUTTLE)","ZZ","41680604","51","TC620-2188-1","FORK  SHIFT (SHUTTLE)","173.55","2","48","pcs","8330.4","2019/10/31","010","0","","","","","","","","12031201","71020000","","1","","","","","0","0","0","010","0","0","0","0","THB","1","50","1","1","0","0","0","0","*","*","*","*","2019/10/31","48","1","F319100094","","2019/10/31"
"96720","50","A021","1","1","500000096899","50OCN0000138663","50SLD0000217236","","0","0","","","","0","0","","0","0","1","D20310","TC62021881","FORK;SHIFT(SHUTTLE)","ZZ","41680603","51","TC620-2188-1","FORK  SHIFT (SHUTTLE)","173.55","2","11","pcs","1909.05","2019/10/31","010","0","","","","","","","","12031201","71020000","","1","","","","","0","0","0","010","0","0","0","0","THB","1","50","1","1","0","0","0","0","*","*","*","*","2019/10/31","11","1","F319100094","","2019/10/31"
"96721","50","A021","1","1","500000096900","50OCN0000138665","50SLD0000217237","","0","0","","","","0","0","","0","0","1","D20310","TC68254501","FORK;SHIFT(RANGE SHIFT)","ZZ","41680605","51","TC682-5450-1","FORK  SHIFT(RANGE)","206.85","2","20","pcs","4137","2019/10/31","010","0","","","","","","","","12031201","71020000","","1","","","","","0","0","0","010","0","0","0","0","THB","1","50","1","1","0","0","0","0","*","*","*","*","2019/10/31","20","1","F319100094","","2019/10/31"
"96722","50","A021","1","1","500000096901","50OCN0000138666","50SLD0000217238","","0","0","","","","0","0","","0","0","1","D20310","TC82214722","FORK(CLUTCH RELEASE)","ZZ","41680606","51","TC822-1472-2","FORK  (CLUTCH RELEASE)","105.75","2","60","pcs","6345","2019/10/31","010","0","","","","","","","","12031201","71020000","","1","","","","","0","0","0","010","0","0","0","0","THB","1","50","1","1","0","0","0","0","*","*","*","*","2019/10/31","60","1","F319100095","","2019/10/31"
"96723","50","A021","1","1","500000096902","50OCN0000138667","50SLD0000217239","","0","0","","","","0","0","","0","0","1","D20310","TC82223521","FORK;SHIFT(3-4)","ZZ","41680607","51","TC822-2352-1","FORK  SHIFT (3-4)","163.44","2","70","pcs","11440.8","2019/10/31","010","0","","","","","","","","12031201","71020000","","1","","","","","0","0","0","010","0","0","0","0","THB","1","50","1","1","0","0","0","0","*","*","*","*","2019/10/31","70","1","F319100095","","2019/10/31"
"96724","50","A021","1","1","500000096903","50OCN0000138668","50SLD0000217240","","0","0","","","","0","0","","0","0","1","D20310","TC82224611","FORK;SHIFT(PTO)","ZZ","41680608","51","TC822-2461-1","FORK  SHIFT(PTO)","132.89","2","45","pcs","5980.05","2019/10/31","010","0","","","","","","","","12031201","71020000","","1","","","","","0","0","0","010","0","0","0","0","THB","1","50","1","1","0","0","0","0","*","*","*","*","2019/10/31","45","1","F319100095","","2019/10/31"
"96725","50","A021","1","1","500000096904","50OCN0000138669","50SLD0000217241","","0","0","","","","0","0","","0","0","1","D20310","TC83221881","FORK;SHIFT(SHUTTLE)","ZZ","41680609","51","TC832-2188-1","FORK  SHIFT (SHUTTLE)","207","2","50","pcs","10350","2019/10/31","010","0","","","","","","","","12031201","71020000","","1","","","","","0","0","0","010","0","0","0","0","THB","1","50","1","1","0","0","0","0","*","*","*","*","2019/10/31","50","1","F319100095","","2019/10/31"
"96726","50","A021","1","1","500000096905","50OCN0000138670","50SLD0000217242","","0","0","","","","0","0","","0","0","1","D20310","TE02223582","FORK 1;SHIFT","ZZ","41680610","51","TE022-2358-2","FORK SHIFT SHUTTLE (FG)","455.11","2","10","pcs","4551.1","2019/10/31","010","0","","","","","","","","12031201","71020000","","1","","","","","0","0","0","010","0","0","0","0","THB","1","50","1","1","0","0","0","0","*","*","*","*","2019/10/31","10","1","F319100095","","2019/10/31"
"96727","50","A021","1","1","500000096906","50OCN0000137697","50SLD0000217243","","0","0","","","","0","0","","0","0","1","D21210","WL511033Y","PLUG ASSY-O.C","ZZ","V-00003-0","51","WL51-10-33Y-LP","PLUG ASSY OIL CONTROL","12.5","2","16","pcs","200","2019/10/30","010","0","","","","","","","","12031201","71020000","","1","","","","","0","0","0","010","0","0","0","0","THB","1","50","1","1","0","0","0","0","*","*","*","*","2019/10/30","16","1","F219100002","","2019/10/31"
"96728","50","A021","1","1","500000096908","50OCN0000138837","50SLD0000217380","","0","0","","","","0","0","","0","0","1","D20410","49373-25591","HOUSING BEARING ASSY","ZZ","2B19100022","52","49373-25591-LP","HOUSING BEARING ASSY","406.46","2","504","pcs","204855.84","2019/10/31","010","0","","","","","","","","12031201","71020000","","1","","","","","0","0","0","010","0","0","0","0","THB","1","50","1","1","0","0","0","0","*","*","*","*","2019/10/31","504","1","9219100370","","2019/10/31"
"96729","50","A021","1","1","500000096719","50OCN0000135960","50SLD0000217056","","0","0","","","","0","0","","0","0","1","D20210","1050B375","SLEEVE","ZZ","A3M9BA6388","51","1050B375-LP","SLEEVE","46.24","2","192","pcs","8878.08","2019/10/30","010","0","","","","","","","","12031201","71020000","","1","","","","","0","0","0","010","0","0","0","0","THB","1","50","1","1","0","0","0","0","*","*","*","*","2019/10/30","192","1","F119100282","","2019/10/31"
"96730","50","A021","1","1","500000096720","50OCN0000136358","50SLD0000217057","","0","0","","","","0","0","","0","0","1","D20220","1050B375G","SLEEVE","ZZ","A3M9028307","51","1050B375-LP","SLEEVE","46.24","2","30","pcs","1387.2","2019/10/30","010","0","","","","","","","","12031201","71020000","","1","","","","","0","0","0","010","0","0","0","0","THB","1","50","1","1","0","0","0","0","*","*","*","*","2019/10/30","30","1","F119100274","","2019/10/31"
"96731","50","A021","1","1","500000096721","50OCN0000135961","50SLD0000217058","","0","0","","","","0","0","","0","0","1","D20210","1050B375","SLEEVE","ZZ","A3M9BA6390","51","1050B375-LP","SLEEVE","46.24","2","168","pcs","7768.32","2019/10/30","010","0","","","","","","","","12031201","71020000","","1","","","","","0","0","0","010","0","0","0","0","THB","1","50","1","1","0","0","0","0","*","*","*","*","2019/10/30","168","1","F119100284","","2019/10/31"
"96732","50","A021","1","1","500000096722","50OCN0000135962","50SLD0000217059","","0","0","","","","0","0","","0","0","1","D20210","1050B375","SLEEVE","ZZ","A3M9BA6392","51","1050B375-LP","SLEEVE","46.24","2","168","pcs","7768.32","2019/10/31","010","0","","","","","","","","12031201","71020000","","1","","","","","0","0","0","010","0","0","0","0","THB","1","50","1","1","0","0","0","0","*","*","*","*","2019/10/31","168","1","F119100293","","2019/10/31"
"96733","50","A021","1","1","500000096723","50OCN0000135959","50SLD0000217060","","0","0","","","","0","0","","0","0","1","D20210","1050B375","SLEEVE","ZZ","A3M9BA6393","51","1050B375-LP","SLEEVE","46.24","2","168","pcs","7768.32","2019/10/31","010","0","","","","","","","","12031201","71020000","","1","","","","","0","0","0","010","0","0","0","0","THB","1","50","1","1","0","0","0","0","*","*","*","*","2019/10/31","168","1","F119100297","","2019/10/31"
"96734","50","A021","1","1","500000096724","50OCN0000137305","50SLD0000217061","","0","0","","","","0","0","","0","0","1","D20210","1050B375","SLEEVE","ZZ","B1M9BB3870","51","1050B375-LP","SLEEVE","46.24","2","48","pcs","2219.52","2019/10/31","010","0","","","","","","","","12031201","71020000","","1","","","","","0","0","0","010","0","0","0","0","THB","1","50","1","1","0","0","0","0","*","*","*","*","2019/10/31","48","1","F119100297","","2019/10/31"
"96735","50","A021","1","1","500000096725","50OCN0000135997","50SLD0000217062","","0","0","","","","0","0","","0","0","1","D20210","1060A217","CASE ASSY;TIMING CHAIN","ZZ","A3M9BA4684","51","1060A217","CASE ASSY  TIMING CHAIN","1135.37","2","184","pcs","208908.08","2019/10/30","010","0","","","","","","","","12031201","71020000","","1","","","","","0","0","0","010","0","0","0","0","THB","1","50","1","1","0","0","0","0","*","*","*","*","2019/10/30","184","1","F119100282","","2019/10/31"
"96736","50","A021","1","1","500000096726","50OCN0000136367","50SLD0000217063","","0","0","","","","0","0","","0","0","1","D20220","1060A217G","CASE ASSY  TIMING CHAIN","ZZ","A3M9028308","51","1060A217","CASE ASSY  TIMING CHAIN","1135.37","2","30","pcs","34061.1","2019/10/30","010","0","","","","","","","","12031201","71020000","","1","","","","","0","0","0","010","0","0","0","0","THB","1","50","1","1","0","0","0","0","*","*","*","*","2019/10/30","30","1","F119100274","","2019/10/31"
"96737","50","A021","1","1","500000096727","50OCN0000135998","50SLD0000217064","","0","0","","","","0","0","","0","0","1","D20210","1060A217","CASE ASSY;TIMING CHAIN","ZZ","A3M9BA4706","51","1060A217","CASE ASSY  TIMING CHAIN","1135.37","2","176","pcs","199825.12","2019/10/30","010","0","","","","","","","","12031201","71020000","","1","","","","","0","0","0","010","0","0","0","0","THB","1","50","1","1","0","0","0","0","*","*","*","*","2019/10/30","176","1","F119100284","","2019/10/31"
"96738","50","A021","1","1","500000096728","50OCN0000135999","50SLD0000217065","","0","0","","","","0","0","","0","0","1","D20210","1060A217","CASE ASSY;TIMING CHAIN","ZZ","A3M9BA4723","51","1060A217","CASE ASSY  TIMING CHAIN","1135.37","2","176","pcs","199825.12","2019/10/31","010","0","","","","","","","","12031201","71020000","","1","","","","","0","0","0","010","0","0","0","0","THB","1","50","1","1","0","0","0","0","*","*","*","*","2019/10/31","176","1","F119100293","","2019/10/31"
"96739","50","A021","1","1","500000096729","50OCN0000135996","50SLD0000217066","","0","0","","","","0","0","","0","0","1","D20210","1060A217","CASE ASSY;TIMING CHAIN","ZZ","A3M9BA4731","51","1060A217","CASE ASSY  TIMING CHAIN","1135.37","2","154","pcs","174846.98","2019/10/31","010","0","","","","","","","","12031201","71020000","","1","","","","","0","0","0","010","0","0","0","0","THB","1","50","1","1","0","0","0","0","*","*","*","*","2019/10/31","154","1","F119100297","","2019/10/31"
"96740","50","A021","1","1","500000096730","50OCN0000137330","50SLD0000217067","","0","0","","","","0","0","","0","0","1","D20210","1060A217","CASE ASSY;TIMING CHAIN","ZZ","B1M9BB4427","51","1060A217","CASE ASSY  TIMING CHAIN","1135.37","2","60","pcs","68122.2","2019/10/31","010","0","","","","","","","","12031201","71020000","","1","","","","","0","0","0","010","0","0","0","0","THB","1","50","1","1","0","0","0","0","*","*","*","*","2019/10/31","60","1","F119100297","","2019/10/31"
"96741","50","A021","1","1","500000096731","50OCN0000136034","50SLD0000217068","","0","0","","","","0","0","","0","0","1","D20210","1064A035X","CASE ASSY OIL PUMP","ZZ","A3M9BA4914","51","1064A035","CASE ASSY  OIL PUMP","1143.86","2","30","pcs","34315.8","2019/10/30","010","0","","","","","","","","12031201","71020000","","1","","","","","0","0","0","010","0","0","0","0","THB","1","50","1","1","0","0","0","0","*","*","*","*","2019/10/30","30","1","F119100283","","2019/10/31"
"96742","50","A021","1","1","500000096732","50OCN0000136035","50SLD0000217069","","0","0","","","","0","0","","0","0","1","D20210","1064A035X","CASE ASSY OIL PUMP","ZZ","A3M9BA4917","51","1064A035","CASE ASSY  OIL PUMP","1143.86","2","30","pcs","34315.8","2019/10/30","010","0","","","","","","","","12031201","71020000","","1","","","","","0","0","0","010","0","0","0","0","THB","1","50","1","1","0","0","0","0","*","*","*","*","2019/10/30","30","1","F119100285","","2019/10/31"
"96743","50","A021","1","1","500000096733","50OCN0000137357","50SLD0000217070","","0","0","","","","0","0","","0","0","1","D20210","1064A035X","CASE ASSY OIL PUMP","ZZ","B1M9BB8716","51","1064A035","CASE ASSY  OIL PUMP","1143.86","2","40","pcs","45754.4","2019/10/31","010","0","","","","","","","","12031201","71020000","","1","","","","","0","0","0","010","0","0","0","0","THB","1","50","1","1","0","0","0","0","*","*","*","*","2019/10/31","40","1","F119100291","","2019/10/31"
"96744","50","A021","1","1","500000096734","50OCN0000137358","50SLD0000217071","","0","0","","","","0","0","","0","0","1","D20210","1064A035X","CASE ASSY OIL PUMP","ZZ","B1M9BB8720","51","1064A035","CASE ASSY  OIL PUMP","1143.86","2","35","pcs","40035.1","2019/10/31","010","0","","","","","","","","12031201","71020000","","1","","","","","0","0","0","010","0","0","0","0","THB","1","50","1","1","0","0","0","0","*","*","*","*","2019/10/31","35","1","F119100296","","2019/10/31"
"96745","50","A021","1","1","500000096735","50OCN0000136036","50SLD0000217072","","0","0","","","","0","0","","0","0","1","D20210","1064A035X","CASE ASSY OIL PUMP","ZZ","A3M9BA4920","51","1064A035","CASE ASSY  OIL PUMP","1143.86","2","35","pcs","40035.1","2019/10/31","010","0","","","","","","","","12031201","71020000","","1","","","","","0","0","0","010","0","0","0","0","THB","1","50","1","1","0","0","0","0","*","*","*","*","2019/10/31","35","1","F119100292","","2019/10/31"
"96746","50","A021","1","1","500000096736","50OCN0000136033","50SLD0000217073","","0","0","","","","0","0","","0","0","1","D20210","1064A035X","CASE ASSY OIL PUMP","ZZ","A3M9BA4923","51","1064A035","CASE ASSY  OIL PUMP","1143.86","2","25","pcs","28596.5","2019/10/31","010","0","","","","","","","","12031201","71020000","","1","","","","","0","0","0","010","0","0","0","0","THB","1","50","1","1","0","0","0","0","*","*","*","*","2019/10/31","25","1","F119100295","","2019/10/31"
"96747","50","A021","1","1","500000096737","50OCN0000137355","50SLD0000217074","","0","0","","","","0","0","","0","0","1","D20210","1064A035X","CASE ASSY OIL PUMP","ZZ","B1M9BB8713","51","1064A035","CASE ASSY  OIL PUMP","1143.86","2","5","pcs","5719.3","2019/10/31","010","0","","","","","","","","12031201","71020000","","1","","","","","0","0","0","010","0","0","0","0","THB","1","50","1","1","0","0","0","0","*","*","*","*","2019/10/31","5","1","F119100295","","2019/10/31"
"96748","50","A021","1","1","500000096738","50OCN0000136038","50SLD0000217075","","0","0","","","","0","0","","0","0","1","D20210","1125A218","GEAR; B/S LH","ZZ","A3M9BA4144","51","1125A218","GEAR  B /S LH","213.76","2","45","pcs","9619.2","2019/10/30","010","0","","","","","","","","12031201","71020000","","1","","","","","0","0","0","010","0","0","0","0","THB","1","50","1","1","0","0","0","0","*","*","*","*","2019/10/30","45","1","F119100283","","2019/10/31"
"96749","50","A021","1","1","500000096739","50OCN0000136073","50SLD0000217076","","0","0","","","","0","0","","0","0","1","D20210","1130A228","GEAR;CRANKSHAFT","ZZ","A3M9BA4318","51","1130A228","GEAR  CRANKSHAFT","228.77","2","195","pcs","44610.15","2019/10/30","010","0","","","","","","","","12031201","71020000","","1","","","","","0","0","0","010","0","0","0","0","THB","1","50","1","1","0","0","0","0","*","*","*","*","2019/10/30","195","1","F119100282","","2019/10/31"
"96750","50","A021","1","1","500000096740","50OCN0000136376","50SLD0000217077","","0","0","","","","0","0","","0","0","1","D20220","1130A228G","GEAR  CRANKSHAFT","ZZ","A3M9028309","51","1130A228","GEAR  CRANKSHAFT","231.08","2","30","pcs","6932.4","2019/10/30","010","0","","","","","","","","12031201","71020000","","1","","","","","0","0","0","010","0","0","0","0","THB","1","50","1","1","0","0","0","0","*","*","*","*","2019/10/30","30","1","F119100274","","2019/10/31"
"96751","50","A021","1","1","500000096741","50OCN0000136074","50SLD0000217078","","0","0","","","","0","0","","0","0","1","D20210","1130A228","GEAR;CRANKSHAFT","ZZ","A3M9BA4319","51","1130A228","GEAR  CRANKSHAFT","228.77","2","165","pcs","37747.05","2019/10/30","010","0","","","","","","","","12031201","71020000","","1","","","","","0","0","0","010","0","0","0","0","THB","1","50","1","1","0","0","0","0","*","*","*","*","2019/10/30","165","1","F119100284","","2019/10/31"
"96752","50","A021","1","1","500000096742","50OCN0000136075","50SLD0000217079","","0","0","","","","0","0","","0","0","1","D20210","1130A228","GEAR;CRANKSHAFT","ZZ","A3M9BA4321","51","1130A228","GEAR  CRANKSHAFT","228.77","2","180","pcs","41178.6","2019/10/31","010","0","","","","","","","","12031201","71020000","","1","","","","","0","0","0","010","0","0","0","0","THB","1","50","1","1","0","0","0","0","*","*","*","*","2019/10/31","180","1","F119100293","","2019/10/31"
"96753","50","A021","1","1","500000096743","50OCN0000136072","50SLD0000217080","","0","0","","","","0","0","","0","0","1","D20210","1130A228","GEAR;CRANKSHAFT","ZZ","A3M9BA4322","51","1130A228","GEAR  CRANKSHAFT","228.77","2","150","pcs","34315.5","2019/10/31","010","0","","","","","","","","12031201","71020000","","1","","","","","0","0","0","010","0","0","0","0","THB","1","50","1","1","0","0","0","0","*","*","*","*","2019/10/31","150","1","F119100297","","2019/10/31"
"96754","50","A021","1","1","500000096744","50OCN0000137384","50SLD0000217081","","0","0","","","","0","0","","0","0","1","D20210","1130A228","GEAR;CRANKSHAFT","ZZ","B1M9BB5303","51","1130A228","GEAR  CRANKSHAFT","228.77","2","60","pcs","13726.2","2019/10/31","010","0","","","","","","","","12031201","71020000","","1","","","","","0","0","0","010","0","0","0","0","THB","1","50","1","1","0","0","0","0","*","*","*","*","2019/10/31","60","1","F119100297","","2019/10/31"
"96755","50","A021","1","1","500000096745","50OCN0000136110","50SLD0000217082","","0","0","","","","0","0","","0","0","1","D20210","1130A230","GEAR;SUPPLY PUMP","ZZ","A3M9BA4398","51","1130A230","GEAR  SUPPLY PUMP","271.87","2","192","pcs","52199.04","2019/10/30","010","0","","","","","","","","12031201","71020000","","1","","","","","0","0","0","010","0","0","0","0","THB","1","50","1","1","0","0","0","0","*","*","*","*","2019/10/30","192","1","F119100282","","2019/10/31"
"96756","50","A021","1","1","500000096746","50OCN0000136385","50SLD0000217083","","0","0","","","","0","0","","0","0","1","D20220","1130A230G","GEAR  SUPPLY PUMP","ZZ","A3M9028310","51","1130A230","GEAR  SUPPLY PUMP","274.62","2","30","pcs","8238.6","2019/10/30","010","0","","","","","","","","12031201","71020000","","1","","","","","0","0","0","010","0","0","0","0","THB","1","50","1","1","0","0","0","0","*","*","*","*","2019/10/30","30","1","F119100274","","2019/10/31"
"96757","50","A021","1","1","500000096747","50OCN0000136111","50SLD0000217084","","0","0","","","","0","0","","0","0","1","D20210","1130A230","GEAR;SUPPLY PUMP","ZZ","A3M9BA4399","51","1130A230","GEAR  SUPPLY PUMP","271.87","2","180","pcs","48936.6","2019/10/30","010","0","","","","","","","","12031201","71020000","","1","","","","","0","0","0","010","0","0","0","0","THB","1","50","1","1","0","0","0","0","*","*","*","*","2019/10/30","180","1","F119100284","","2019/10/31"
"96758","50","A021","1","1","500000096748","50OCN0000136112","50SLD0000217085","","0","0","","","","0","0","","0","0","1","D20210","1130A230","GEAR;SUPPLY PUMP","ZZ","A3M9BA4401","51","1130A230","GEAR  SUPPLY PUMP","271.87","2","168","pcs","45674.16","2019/10/31","010","0","","","","","","","","12031201","71020000","","1","","","","","0","0","0","010","0","0","0","0","THB","1","50","1","1","0","0","0","0","*","*","*","*","2019/10/31","168","1","F119100293","","2019/10/31"
"96759","50","A021","1","1","500000096749","50OCN0000136109","50SLD0000217086","","0","0","","","","0","0","","0","0","1","D20210","1130A230","GEAR;SUPPLY PUMP","ZZ","A3M9BA4402","51","1130A230","GEAR  SUPPLY PUMP","271.87","2","156","pcs","42411.72","2019/10/31","010","0","","","","","","","","12031201","71020000","","1","","","","","0","0","0","010","0","0","0","0","THB","1","50","1","1","0","0","0","0","*","*","*","*","2019/10/31","156","1","F119100297","","2019/10/31"
"96760","50","A021","1","1","500000096750","50OCN0000137409","50SLD0000217087","","0","0","","","","0","0","","0","0","1","D20210","1130A230","GEAR;SUPPLY PUMP","ZZ","B1M9BB4641","51","1130A230","GEAR  SUPPLY PUMP","271.87","2","60","pcs","16312.2","2019/10/31","010","0","","","","","","","","12031201","71020000","","1","","","","","0","0","0","010","0","0","0","0","THB","1","50","1","1","0","0","0","0","*","*","*","*","2019/10/31","60","1","F119100297","","2019/10/31"
"96761","50","A021","1","1","500000096751","50OCN0000136147","50SLD0000217088","","0","0","","","","0","0","","0","0","1","D20210","1132A100","GEAR ASSY;IDLE","ZZ","A3M9BA4871","51","1132A100","GEAR ASSY  IDLER","491.04","2","192","pcs","94279.68","2019/10/30","010","0","","","","","","","","12031201","71020000","","1","","","","","0","0","0","010","0","0","0","0","THB","1","50","1","1","0","0","0","0","*","*","*","*","2019/10/30","192","1","F119100282","","2019/10/31"
"96762","50","A021","1","1","500000096752","50OCN0000136394","50SLD0000217089","","0","0","","","","0","0","","0","0","1","D20220","1132A100G","GEAR ASSY  IDLER","ZZ","A3M9028311","51","1132A100","GEAR ASSY  IDLER","495.62","2","30","pcs","14868.6","2019/10/30","010","0","","","","","","","","12031201","71020000","","1","","","","","0","0","0","010","0","0","0","0","THB","1","50","1","1","0","0","0","0","*","*","*","*","2019/10/30","30","1","F119100274","","2019/10/31"
"96763","50","A021","1","1","500000096753","50OCN0000136148","50SLD0000217090","","0","0","","","","0","0","","0","0","1","D20210","1132A100","GEAR ASSY;IDLE","ZZ","A3M9BA4876","51","1132A100","GEAR ASSY  IDLER","491.04","2","180","pcs","88387.2","2019/10/30","010","0","","","","","","","","12031201","71020000","","1","","","","","0","0","0","010","0","0","0","0","THB","1","50","1","1","0","0","0","0","*","*","*","*","2019/10/30","180","1","F119100284","","2019/10/31"
"96764","50","A021","1","1","500000096754","50OCN0000136149","50SLD0000217091","","0","0","","","","0","0","","0","0","1","D20210","1132A100","GEAR ASSY;IDLE","ZZ","A3M9BA4879","51","1132A100","GEAR ASSY  IDLER","491.04","2","168","pcs","82494.72","2019/10/31","010","0","","","","","","","","12031201","71020000","","1","","","","","0","0","0","010","0","0","0","0","THB","1","50","1","1","0","0","0","0","*","*","*","*","2019/10/31","168","1","F119100293","","2019/10/31"
"96765","50","A021","1","1","500000096755","50OCN0000136146","50SLD0000217092","","0","0","","","","0","0","","0","0","1","D20210","1132A100","GEAR ASSY;IDLE","ZZ","A3M9BA4884","51","1132A100","GEAR ASSY  IDLER","491.04","2","156","pcs","76602.24","2019/10/31","010","0","","","","","","","","12031201","71020000","","1","","","","","0","0","0","010","0","0","0","0","THB","1","50","1","1","0","0","0","0","*","*","*","*","2019/10/31","156","1","F119100297","","2019/10/31"
"96766","50","A021","1","1","500000096756","50OCN0000137434","50SLD0000217093","","0","0","","","","0","0","","0","0","1","D20210","1132A100","GEAR ASSY;IDLE","ZZ","B1M9BB5404","51","1132A100","GEAR ASSY  IDLER","491.04","2","60","pcs","29462.4","2019/10/31","010","0","","","","","","","","12031201","71020000","","1","","","","","0","0","0","010","0","0","0","0","THB","1","50","1","1","0","0","0","0","*","*","*","*","2019/10/31","60","1","F119100297","","2019/10/31"
"96767","50","A021","1","1","500000096757","50OCN0000136153","50SLD0000217094","","0","0","","","","0","0","","0","0","1","D20210","1132A117","GEAR; ASSY; IDLER LH","ZZ","A3M9BA4408","51","1132A117","GEAR ASSY  IDLER LH","312.26","2","24","pcs","7494.24","2019/10/31","010","0","","","","","","","","12031201","71020000","","1","","","","","0","0","0","010","0","0","0","0","THB","1","50","1","1","0","0","0","0","*","*","*","*","2019/10/31","24","1","F119100292","","2019/10/31"
"96768","50","A021","1","1","500000096758","50OCN0000136170","50SLD0000217095","","0","0","","","","0","0","","0","0","1","D20210","1211A164","CASE ASSY OIL PUMP","ZZ","A3M9BA8322","51","1211A164","CASE ASSY OIL PUMP","2375.47","2","25","pcs","59386.75","2019/10/31","010","0","","","","","","","","12031201","71020000","","1","","","","","0","0","0","010","0","0","0","0","THB","1","50","1","1","0","0","0","0","*","*","*","*","2019/10/31","25","1","F119100290","","2019/10/31"
"96769","50","A021","1","1","500000096759","50OCN0000136171","50SLD0000217096","","0","0","","","","0","0","","0","0","1","D20210","1211A164","CASE ASSY OIL PUMP","ZZ","A3M9BA8325","51","1211A164","CASE ASSY OIL PUMP","2375.47","2","25","pcs","59386.75","2019/10/31","010","0","","","","","","","","12031201","71020000","","1","","","","","0","0","0","010","0","0","0","0","THB","1","50","1","1","0","0","0","0","*","*","*","*","2019/10/31","25","1","F119100290","","2019/10/31"
"96770","50","A021","1","1","500000096760","50OCN0000136206","50SLD0000217097","","0","0","","","","0","0","","0","0","1","D20210","1300A033","PUMP ASSY WATER","ZZ","A3M9BA5745","51","1300A033","PUMP ASSY; WATER","759.67","2","35","pcs","26588.45","2019/10/30","010","0","","","","","","","","12031201","71020000","","1","","","","","0","0","0","010","0","0","0","0","THB","1","50","1","1","0","0","0","0","*","*","*","*","2019/10/30","35","1","F119100283","","2019/10/31"
"96771","50","A021","1","1","500000096761","50OCN0000136207","50SLD0000217098","","0","0","","","","0","0","","0","0","1","D20210","1300A033","PUMP ASSY WATER","ZZ","A3M9BA5750","51","1300A033","PUMP ASSY; WATER","759.67","2","30","pcs","22790.1","2019/10/30","010","0","","","","","","","","12031201","71020000","","1","","","","","0","0","0","010","0","0","0","0","THB","1","50","1","1","0","0","0","0","*","*","*","*","2019/10/30","30","1","F119100285","","2019/10/31"
"96772","50","A021","1","1","500000096762","50OCN0000137474","50SLD0000217099","","0","0","","","","0","0","","0","0","1","D20210","1300A033","PUMP ASSY WATER","ZZ","B1M9BB5116","51","1300A033","PUMP ASSY; WATER","759.67","2","40","pcs","30386.8","2019/10/31","010","0","","","","","","","","12031201","71020000","","1","","","","","0","0","0","010","0","0","0","0","THB","1","50","1","1","0","0","0","0","*","*","*","*","2019/10/31","40","1","F119100291","","2019/10/31"
"96773","50","A021","1","1","500000096763","50OCN0000137475","50SLD0000217100","","0","0","","","","0","0","","0","0","1","D20210","1300A033","PUMP ASSY WATER","ZZ","B1M9BB5118","51","1300A033","PUMP ASSY; WATER","759.67","2","35","pcs","26588.45","2019/10/31","010","0","","","","","","","","12031201","71020000","","1","","","","","0","0","0","010","0","0","0","0","THB","1","50","1","1","0","0","0","0","*","*","*","*","2019/10/31","35","1","F119100296","","2019/10/31"
"96774","50","A021","1","1","500000096764","50OCN0000136208","50SLD0000217101","","0","0","","","","0","0","","0","0","1","D20210","1300A033","PUMP ASSY WATER","ZZ","A3M9BA5754","51","1300A033","PUMP ASSY; WATER","759.67","2","30","pcs","22790.1","2019/10/31","010","0","","","","","","","","12031201","71020000","","1","","","","","0","0","0","010","0","0","0","0","THB","1","50","1","1","0","0","0","0","*","*","*","*","2019/10/31","30","1","F119100292","","2019/10/31"
"96775","50","A021","1","1","500000096765","50OCN0000136205","50SLD0000217102","","0","0","","","","0","0","","0","0","1","D20210","1300A033","PUMP ASSY WATER","ZZ","A3M9BA5759","51","1300A033","PUMP ASSY; WATER","759.67","2","30","pcs","22790.1","2019/10/31","010","0","","","","","","","","12031201","71020000","","1","","","","","0","0","0","010","0","0","0","0","THB","1","50","1","1","0","0","0","0","*","*","*","*","2019/10/31","30","1","F119100295","","2019/10/31"
"96776","50","A021","1","1","500000096766","50OCN0000136225","50SLD0000217103","","0","0","","","","0","0","","0","0","1","D20210","1300A057","PUMP ASSY WATER","ZZ","A3M9BA8808","51","1300A057","PUMP ASSY;WATER","658.4","2","24","pcs","15801.6","2019/10/31","010","0","","","","","","","","12031201","71020000","","1","","","","","0","0","0","010","0","0","0","0","THB","1","50","1","1","0","0","0","0","*","*","*","*","2019/10/31","24","1","F119100289","","2019/10/31"
"96777","50","A021","1","1","500000096767","50OCN0000136226","50SLD0000217104","","0","0","","","","0","0","","0","0","1","D20210","1300A057","PUMP ASSY WATER","ZZ","A3M9BA8811","51","1300A057","PUMP ASSY;WATER","658.4","2","24","pcs","15801.6","2019/10/31","010","0","","","","","","","","12031201","71020000","","1","","","","","0","0","0","010","0","0","0","0","THB","1","50","1","1","0","0","0","0","*","*","*","*","2019/10/31","24","1","F119100294","","2019/10/31"
"96778","50","A021","1","1","500000096768","50OCN0000136275","50SLD0000217105","","0","0","","","","0","0","","0","0","1","D20210","1300A126","PUMP ASSY;WATER","ZZ","A3M9BA6192","51","1300A126","WATER PUMP ASSY","628.84","2","192","pcs","120737.28","2019/10/30","010","0","","","","","","","","12031201","71020000","","1","","","","","0","0","0","010","0","0","0","0","THB","1","50","1","1","0","0","0","0","*","*","*","*","2019/10/30","192","1","F119100282","","2019/10/31"
"96779","50","A021","1","1","500000096769","50OCN0000136403","50SLD0000217106","","0","0","","","","0","0","","0","0","1","D20220","1300A126G","WATER PUMP ASSY","ZZ","A3M9028312","51","1300A126","WATER PUMP ASSY","628.84","2","30","pcs","18865.2","2019/10/30","010","0","","","","","","","","12031201","71020000","","1","","","","","0","0","0","010","0","0","0","0","THB","1","50","1","1","0","0","0","0","*","*","*","*","2019/10/30","30","1","F119100274","","2019/10/31"
"96780","50","A021","1","1","500000096770","50OCN0000136276","50SLD0000217107","","0","0","","","","0","0","","0","0","1","D20210","1300A126","PUMP ASSY;WATER","ZZ","A3M9BA6201","51","1300A126","WATER PUMP ASSY","628.84","2","176","pcs","110675.84","2019/10/30","010","0","","","","","","","","12031201","71020000","","1","","","","","0","0","0","010","0","0","0","0","THB","1","50","1","1","0","0","0","0","*","*","*","*","2019/10/30","176","1","F119100284","","2019/10/31"
"96781","50","A021","1","1","500000096771","50OCN0000136277","50SLD0000217108","","0","0","","","","0","0","","0","0","1","D20210","1300A126","PUMP ASSY;WATER","ZZ","A3M9BA6214","51","1300A126","WATER PUMP ASSY","628.84","2","176","pcs","110675.84","2019/10/31","010","0","","","","","","","","12031201","71020000","","1","","","","","0","0","0","010","0","0","0","0","THB","1","50","1","1","0","0","0","0","*","*","*","*","2019/10/31","176","1","F119100293","","2019/10/31"
"96782","50","A021","1","1","500000096772","50OCN0000136274","50SLD0000217109","","0","0","","","","0","0","","0","0","1","D20210","1300A126","PUMP ASSY;WATER","ZZ","A3M9BA6225","51","1300A126","WATER PUMP ASSY","628.84","2","152","pcs","95583.68","2019/10/31","010","0","","","","","","","","12031201","71020000","","1","","","","","0","0","0","010","0","0","0","0","THB","1","50","1","1","0","0","0","0","*","*","*","*","2019/10/31","152","1","F119100298","","2019/10/31"
"96783","50","A021","1","1","500000096773","50OCN0000137515","50SLD0000217110","","0","0","","","","0","0","","0","0","1","D20210","1300A126","PUMP ASSY;WATER","ZZ","B1M9BB4739","51","1300A126","WATER PUMP ASSY","628.84","2","48","pcs","30184.32","2019/10/31","010","0","","","","","","","","12031201","71020000","","1","","","","","0","0","0","010","0","0","0","0","THB","1","50","1","1","0","0","0","0","*","*","*","*","2019/10/31","48","1","F119100298","","2019/10/31"
"96784","50","A021","1","1","500000096774","50OCN0000136312","50SLD0000217111","","0","0","","","","0","0","","0","0","1","D20210","1320A047","BRKT ASSY;COOLING","ZZ","A3M9BA7330","51","1320A047","BRKT ASSY COOLING FAN","337.4","2","180","pcs","60732","2019/10/30","010","0","","","","","","","","12031201","71020000","","1","","","","","0","0","0","010","0","0","0","0","THB","1","50","1","1","0","0","0","0","*","*","*","*","2019/10/30","180","1","F119100282","","2019/10/31"
"96785","50","A021","1","1","500000096775","50OCN0000136412","50SLD0000217112","","0","0","","","","0","0","","0","0","1","D20220","1320A047G","BRKT ASSY COOLING FAN","ZZ","A3M9028313","51","1320A047","BRKT ASSY COOLING FAN","337.4","2","30","pcs","10122","2019/10/30","010","0","","","","","","","","12031201","71020000","","1","","","","","0","0","0","010","0","0","0","0","THB","1","50","1","1","0","0","0","0","*","*","*","*","2019/10/30","30","1","F119100274","","2019/10/31"
"96786","50","A021","1","1","500000096776","50OCN0000136313","50SLD0000217113","","0","0","","","","0","0","","0","0","1","D20210","1320A047","BRKT ASSY;COOLING","ZZ","A3M9BA7339","51","1320A047","BRKT ASSY COOLING FAN","337.4","2","180","pcs","60732","2019/10/30","010","0","","","","","","","","12031201","71020000","","1","","","","","0","0","0","010","0","0","0","0","THB","1","50","1","1","0","0","0","0","*","*","*","*","2019/10/30","180","1","F119100284","","2019/10/31"
"96787","50","A021","1","1","500000096777","50OCN0000136314","50SLD0000217114","","0","0","","","","0","0","","0","0","1","D20210","1320A047","BRKT ASSY;COOLING","ZZ","A3M9BA7346","51","1320A047","BRKT ASSY COOLING FAN","337.4","2","170","pcs","57358","2019/10/31","010","0","","","","","","","","12031201","71020000","","1","","","","","0","0","0","010","0","0","0","0","THB","1","50","1","1","0","0","0","0","*","*","*","*","2019/10/31","170","1","F119100293","","2019/10/31"
"96788","50","A021","1","1","500000096778","50OCN0000136311","50SLD0000217115","","0","0","","","","0","0","","0","0","1","D20210","1320A047","BRKT ASSY;COOLING","ZZ","A3M9BA7353","51","1320A047","BRKT ASSY COOLING FAN","337.4","2","160","pcs","53984","2019/10/31","010","0","","","","","","","","12031201","71020000","","1","","","","","0","0","0","010","0","0","0","0","THB","1","50","1","1","0","0","0","0","*","*","*","*","2019/10/31","160","1","F119100298","","2019/10/31"
"96789","50","A021","1","1","500000096779","50OCN0000137540","50SLD0000217116","","0","0","","","","0","0","","0","0","1","D20210","1320A047","BRKT ASSY;COOLING","ZZ","B1M9BB5508","51","1320A047","BRKT ASSY COOLING FAN","337.4","2","60","pcs","20244","2019/10/31","010","0","","","","","","","","12031201","71020000","","1","","","","","0","0","0","010","0","0","0","0","THB","1","50","1","1","0","0","0","0","*","*","*","*","2019/10/31","60","1","F119100298","","2019/10/31"
"96790","50","A021","1","1","500000096780","50OCN0000138641","50SLD0000217117","","0","0","","","","0","0","","0","0","1","D20410","49130-20520","HOUSING  BEARING","ZZ","2B19100022","52","49130-20520","HOUSING  BEARING","407.51","2","252","pcs","102692.52","2019/10/30","010","0","","","","","","","","12031201","71020000","","1","","","","","0","0","0","010","0","0","0","0","THB","1","50","1","1","0","0","0","0","*","*","*","*","2019/10/30","252","1","9219100360","","2019/10/31"
"96791","50","A021","1","1","500000096781","50OCN0000138611","50SLD0000217118","","0","0","","","","0","0","","0","0","1","D20410","49130-20520","HOUSING  BEARING","ZZ","2B19100022","52","49130-20520","HOUSING  BEARING","407.51","2","252","pcs","102692.52","2019/10/30","010","0","","","","","","","","12031201","71020000","","1","","","","","0","0","0","010","0","0","0","0","THB","1","50","1","1","0","0","0","0","*","*","*","*","2019/10/30","252","1","9219100352","","2019/10/31"
"96792","50","A021","1","1","500000096782","50OCN0000138616","50SLD0000217119","","0","0","","","","0","0","","0","0","1","D20410","49130-20520","HOUSING  BEARING","ZZ","2B19100022","52","49130-20520","HOUSING  BEARING","407.51","2","252","pcs","102692.52","2019/10/30","010","0","","","","","","","","12031201","71020000","","1","","","","","0","0","0","010","0","0","0","0","THB","1","50","1","1","0","0","0","0","*","*","*","*","2019/10/30","252","1","9219100355","","2019/10/31"
"96793","50","A021","1","1","500000096783","50OCN0000138643","50SLD0000217120","","0","0","","","","0","0","","0","0","1","D20410","49130-20520","HOUSING  BEARING","ZZ","2B19100022","52","49130-20520","HOUSING  BEARING","407.51","2","252","pcs","102692.52","2019/10/31","010","0","","","","","","","","12031201","71020000","","1","","","","","0","0","0","010","0","0","0","0","THB","1","50","1","1","0","0","0","0","*","*","*","*","2019/10/31","252","1","9219100362","","2019/10/31"
"96794","50","A021","1","1","500000096784","50OCN0000138612","50SLD0000217121","","0","0","","","","0","0","","0","0","1","D20410","49173-26761G","HOUSING BEARING SUB ASSY","ZZ","2B19100022","52","49173-26761","HOUSING BEARING SUB ASSY","283.55","2","504","pcs","142909.2","2019/10/30","010","0","","","","","","","","12031201","71020000","","1","","","","","0","0","0","010","0","0","0","0","THB","1","50","1","1","0","0","0","0","*","*","*","*","2019/10/30","504","1","9219100353","","2019/10/31"
"96795","50","A021","1","1","500000096785","50OCN0000138617","50SLD0000217122","","0","0","","","","0","0","","0","0","1","D20410","49173-26761G","HOUSING BEARING SUB ASSY","ZZ","2B19100022","52","49173-26761","HOUSING BEARING SUB ASSY","283.55","2","504","pcs","142909.2","2019/10/30","010","0","","","","","","","","12031201","71020000","","1","","","","","0","0","0","010","0","0","0","0","THB","1","50","1","1","0","0","0","0","*","*","*","*","2019/10/30","504","1","9219100356","","2019/10/31"
"96796","50","A021","1","1","500000096786","50OCN0000138610","50SLD0000217123","","0","0","","","","0","0","","0","0","1","D20410","49189-20142","HOUSING  BEARING","ZZ","B19100021","52","49189-20142","HOUSING  BEARING","300","2","504","pcs","151200","2019/10/30","010","0","","","","","","","","12031201","71020000","","1","","","","","0","0","0","010","0","0","0","0","THB","1","50","1","1","0","0","0","0","*","*","*","*","2019/10/30","504","1","9019100146","","2019/10/31"
"96797","50","A021","1","1","500000096787","50OCN0000138748","50SLD0000217124","","0","0","","","","0","0","","0","0","1","D20410","49373-25160","HOUSING BEARING SUB ASSY","ZZ","2B19100022","52","49373-25160","HOUSING BEARING SUB ASSY","339.09","2","504","pcs","170901.36","2019/10/30","010","0","","","","","","","","12031201","71020000","","1","","","","","0","0","0","010","0","0","0","0","THB","1","50","1","1","0","0","0","0","*","*","*","*","2019/10/30","504","1","9019100150","","2019/10/31"
"96798","50","A021","1","1","500000096788","50OCN0000138645","50SLD0000217125","","0","0","","","","0","0","","0","0","1","D20410","49373-25160","HOUSING BEARING SUB ASSY","ZZ","2B19100022","52","49373-25160","HOUSING BEARING SUB ASSY","339.09","2","504","pcs","170901.36","2019/10/31","010","0","","","","","","","","12031201","71020000","","1","","","","","0","0","0","010","0","0","0","0","THB","1","50","1","1","0","0","0","0","*","*","*","*","2019/10/31","504","1","9019100152","","2019/10/31"
"96799","50","A021","1","1","500000096789","50OCN0000138642","50SLD0000217126","","0","0","","","","0","0","","0","0","1","D20410","49373-25590","HOUSING BEARING SUB ASSY","ZZ","2B19100022","52","49373-25590","HOUSING BEARING SUB ASSY","363.91","2","1512","pcs","550231.92","2019/10/30","010","0","","","","","","","","12031201","71020000","","1","","","","","0","0","0","010","0","0","0","0","THB","1","50","1","1","0","0","0","0","*","*","*","*","2019/10/30","1512","1","9019100149","","2019/10/31"
"96800","50","A021","1","1","500000096790","50OCN0000138618","50SLD0000217127","","0","0","","","","0","0","","0","0","1","D20410","49373-25590","HOUSING BEARING SUB ASSY","ZZ","2B19100022","52","49373-25590","HOUSING BEARING SUB ASSY","363.91","2","504","pcs","183410.64","2019/10/30","010","0","","","","","","","","12031201","71020000","","1","","","","","0","0","0","010","0","0","0","0","THB","1","50","1","1","0","0","0","0","*","*","*","*","2019/10/30","504","1","9219100357","","2019/10/31"
"96801","50","A021","1","1","500000096791","50OCN0000138613","50SLD0000217128","","0","0","","","","0","0","","0","0","1","D20410","49373-25590","HOUSING BEARING SUB ASSY","ZZ","2B19100022","52","49373-25590","HOUSING BEARING SUB ASSY","363.91","2","504","pcs","183410.64","2019/10/30","010","0","","","","","","","","12031201","71020000","","1","","","","","0","0","0","010","0","0","0","0","THB","1","50","1","1","0","0","0","0","*","*","*","*","2019/10/30","504","1","9019100147","","2019/10/31"
"96802","50","A021","1","1","500000096792","50OCN0000138671","50SLD0000217129","","0","0","","","","0","0","","0","0","1","D20410","49373-25590","HOUSING BEARING SUB ASSY","ZZ","2B19100022","52","49373-25590","HOUSING BEARING SUB ASSY","363.91","2","3528","pcs","1283874.48","2019/10/31","010","0","","","","","","","","12031201","71020000","","1","","","","","0","0","0","010","0","0","0","0","THB","1","50","1","1","0","0","0","0","*","*","*","*","2019/10/31","3528","1","9219100363","","2019/10/31"
"96803","50","A021","1","1","500000096793","50OCN0000138688","50SLD0000217130","","0","0","","","","0","0","","0","0","1","D20410","49373-25990","HOUSING BEARING SUB ASSY","ZZ","T19050982","52","49373-25990","HOUSING BEARING SUB ASSY","1082.62","2","480","pcs","519657.6","2019/10/30","010","0","","","","","","","","12031201","71020000","","1","","","","","0","0","0","010","0","0","0","0","THB","1","50","1","1","0","0","0","0","*","*","*","*","2019/10/30","480","1","9019100148","","2019/10/31"
"96804","50","A021","1","1","500000096794","50OCN0000138614","50SLD0000217131","","0","0","","","","0","0","","0","0","1","D20410","49377-26886","HOUSING BEARING SUB ASSY","ZZ","B19100021","52","49377-26886","HOUSING BEARING SUB ASSY","418.26","2","504","pcs","210803.04","2019/10/30","010","0","","","","","","","","12031201","71020000","","1","","","","","0","0","0","010","0","0","0","0","THB","1","50","1","1","0","0","0","0","*","*","*","*","2019/10/30","504","1","9219100359","","2019/10/31"
"96805","50","A021","1","1","500000096795","50OCN0000138609","50SLD0000217132","","0","0","","","","0","0","","0","0","1","D20410","49377-26886","HOUSING BEARING SUB ASSY","ZZ","B19100021","52","49377-26886","HOUSING BEARING SUB ASSY","418.26","2","504","pcs","210803.04","2019/10/30","010","0","","","","","","","","12031201","71020000","","1","","","","","0","0","0","010","0","0","0","0","THB","1","50","1","1","0","0","0","0","*","*","*","*","2019/10/30","504","1","9219100354","","2019/10/31"
"96806","50","A021","1","1","500000096796","50OCN0000138646","50SLD0000217133","","0","0","","","","0","0","","0","0","1","D20311","6C52618122","FORK;SHIFT(1-R)","ZZ","41680611","51","6C526-1812-2","FORK  SHIFT(1-R)","182.01","2","15","pcs","2730.15","2019/10/31","010","0","","","","","","","","12031201","71020000","","1","","","","","0","0","0","010","0","0","0","0","THB","1","50","1","1","0","0","0","0","*","*","*","*","2019/10/31","15","1","F319100092","","2019/10/31"
"96807","50","A021","1","1","500000096797","50OCN0000138647","50SLD0000217134","","0","0","","","","0","0","","0","0","1","D20311","6C52618142","FORK;SHIFT(2-3)","ZZ","41680612","51","6C526-1814-2","FORK  SHIFT(2-3)","170.56","2","16","pcs","2728.96","2019/10/31","010","0","","","","","","","","12031201","71020000","","1","","","","","0","0","0","010","0","0","0","0","THB","1","50","1","1","0","0","0","0","*","*","*","*","2019/10/31","16","1","F319100092","","2019/10/31"
"96808","50","A021","1","1","500000096798","50OCN0000138648","50SLD0000217135","","0","0","","","","0","0","","0","0","1","D20311","6C52619111","FORK;SHIFT(DIFF.LOCK)","ZZ","41680613","51","6C526-1911-1","FORK  DIFF. LOCK SHIFT","158.19","2","20","pcs","3163.8","2019/10/31","010","0","","","","","","","","12031201","71020000","","1","","","","","0","0","0","010","0","0","0","0","THB","1","50","1","1","0","0","0","0","*","*","*","*","2019/10/31","20","1","F319100092","","2019/10/31"
"96809","50","A021","1","1","500000096799","50OCN0000138516","50SLD0000217136","","0","0","","","","0","0","","0","0","1","D20110","8973121474","WATER PUMP ASM","ZZ","FYJO409001","51","897312-1474","WATER PUMP ASSY","607.88","2","180","pcs","109418.4","2019/10/30","010","0","","","","","","","","12031201","71020000","","1","","","","","0","0","0","010","0","0","0","0","THB","1","50","1","1","0","0","0","0","*","*","*","*","2019/10/30","180","1","5019100354","","2019/10/31"
"96810","50","A021","1","1","500000096800","50OCN0000138510","50SLD0000217137","","0","0","","","","0","0","","0","0","1","D20110","8973121474","WATER PUMP ASM","ZZ","FYJO603699","51","897312-1474","WATER PUMP ASSY","607.88","2","50","pcs","30394","2019/10/31","010","0","","","","","","","","12031201","71020000","","1","","","","","0","0","0","010","0","0","0","0","THB","1","50","1","1","0","0","0","0","*","*","*","*","2019/10/31","50","1","5019100365","","2019/10/31"
"96811","50","A021","1","1","500000096801","50OCN0000138619","50SLD0000217138","","0","0","","","","0","0","","0","0","1","D20110","8973121474","WATER PUMP ASM","ZZ","FYJO409441","51","897312-1474","WATER PUMP ASSY","607.88","2","180","pcs","109418.4","2019/10/31","010","0","","","","","","","","12031201","71020000","","1","","","","","0","0","0","010","0","0","0","0","THB","1","50","1","1","0","0","0","0","*","*","*","*","2019/10/31","180","1","5019100361","","2019/10/31"
"96812","50","A021","1","1","500000096802","50OCN0000135679","50SLD0000217139","","0","0","","","","0","0","","0","0","1","D20130","8973121474","PUMP ASSY; WATER","ZZ","1KOA137100","51","897312-1474-SP","WATER PUMP ASSY","696.9","2","36","pcs","25088.4","2019/10/30","010","0","","","","","","","","12031201","71020000","","1","","","","","0","0","0","010","0","0","0","0","THB","1","50","1","1","0","0","0","0","*","*","*","*","2019/10/30","36","1","5019100341","","2019/10/31"
"96813","50","A021","1","1","500000096803","50OCN0000138511","50SLD0000217140","","0","0","","","","0","0","","0","0","1","D20110","8973794640","VALVE;RELIEF PISTON COOL","ZZ","FYJO603700","51","897379-4640","RELIEF VALVE ASSY","64","2","50","pcs","3200","2019/10/31","010","0","","","","","","","","12031201","71020000","","1","","","","","0","0","0","010","0","0","0","0","THB","1","50","1","1","0","0","0","0","*","*","*","*","2019/10/31","50","1","5019100365","","2019/10/31"
"96814","50","A021","1","1","500000096804","50OCN0000138700","50SLD0000217141","","0","0","","","","0","0","","0","0","1","D20110","8973794640","VALVE;RELIEF PISTON COOL","ZZ","FYJO409872","51","897379-4640","RELIEF VALVE ASSY","64","2","180","pcs","11520","2019/10/31","010","0","","","","","","","","12031201","71020000","","1","","","","","0","0","0","010","0","0","0","0","THB","1","50","1","1","0","0","0","0","*","*","*","*","2019/10/31","180","1","5019100361","","2019/10/31"
"96815","50","A021","1","1","500000096805","50OCN0000138621","50SLD0000217142","","0","0","","","","0","0","","0","0","1","D20110","8973794640","VALVE;RELIEF PISTON COOL","ZZ","FYJO409443","51","897379-4640","RELIEF VALVE ASSY","64","2","120","pcs","7680","2019/10/31","010","0","","","","","","","","12031201","71020000","","1","","","","","0","0","0","010","0","0","0","0","THB","1","50","1","1","0","0","0","0","*","*","*","*","2019/10/31","120","1","5019100361","","2019/10/31"
"96816","50","A021","1","1","500000096806","50OCN0000136922","50SLD0000217143","","0","0","","","","0","0","","0","0","1","D20121","8974854150","BRAKE ASSY Ft RH (STD)","ZZ","KG9O002028","51","897485-4150","BRAKE ASSY Ft RH (STD)","8996","2","6","pcs","53976","2019/10/31","010","0","","","","","","","","12031201","71020000","","1","","","","","0","0","0","010","0","0","0","0","THB","1","50","1","1","0","0","0","0","*","*","*","*","2019/10/31","6","1","5019100358","","2019/10/31"
"96817","50","A021","1","1","500000096807","50OCN0000136927","50SLD0000217144","","0","0","","","","0","0","","0","0","1","D20121","8974854160","BRAKE ASSY Ft LH(SRD)","ZZ","KG9O002033","51","897485-4160","BRAKE ASSY Ft LH (STD)","8996","2","6","pcs","53976","2019/10/31","010","0","","","","","","","","12031201","71020000","","1","","","","","0","0","0","010","0","0","0","0","THB","1","50","1","1","0","0","0","0","*","*","*","*","2019/10/31","6","1","5019100358","","2019/10/31"
"96818","50","A021","1","1","500000096808","50OCN0000138520","50SLD0000217145","","0","0","","","","0","0","","0","0","1","D20110","8975299420","PUMP ASSY OIL","ZZ","DFJO401634","51","897529-9420","PUMP ASSY OIL","902.58","2","300","pcs","270774","2019/10/30","010","0","","","","","","","","12031201","71020000","","1","","","","","0","0","0","010","0","0","0","0","THB","1","50","1","1","0","0","0","0","*","*","*","*","2019/10/30","300","1","5019100355","","2019/10/31"
"96819","50","A021","1","1","500000096809","50OCN0000138521","50SLD0000217146","","0","0","","","","0","0","","0","0","1","D20110","8975299420","PUMP ASSY OIL","ZZ","DFJO401635","51","897529-9420","PUMP ASSY OIL","902.58","2","100","pcs","90258","2019/10/31","010","0","","","","","","","","12031201","71020000","","1","","","","","0","0","0","010","0","0","0","0","THB","1","50","1","1","0","0","0","0","*","*","*","*","2019/10/31","100","1","5019100363","","2019/10/31"
"96820","50","A021","1","1","500000096810","50OCN0000138522","50SLD0000217147","","0","0","","","","0","0","","0","0","1","D20110","8975299420","PUMP ASSY OIL","ZZ","FKJO402607","51","897529-9420","PUMP ASSY OIL","902.58","2","100","pcs","90258","2019/10/31","010","0","","","","","","","","12031201","71020000","","1","","","","","0","0","0","010","0","0","0","0","THB","1","50","1","1","0","0","0","0","*","*","*","*","2019/10/31","100","1","5019100363","","2019/10/31"
"96821","50","A021","1","1","500000096811","50OCN0000135680","50SLD0000217148","","0","0","","","","0","0","","0","0","1","D20130","8979125400","VALVE;RELIEF;OIL JET","ZZ","1KOA040500","51","897912-5400-SP","RELIEF VALVE ASSY","124.55","2","30","pcs","3736.5","2019/10/30","010","0","","","","","","","","12031201","71020000","","1","","","","","0","0","0","010","0","0","0","0","THB","1","50","1","1","0","0","0","0","*","*","*","*","2019/10/30","30","1","5019100341","","2019/10/31"
"96822","50","A021","1","1","500000096812","50OCN0000134646","50SLD0000217149","","0","0","","","","0","0","","0","0","1","D20130","8979429721","WATER PUMP KIT","ZZ","1K9B054300","51","897942-9721-SP","WATER PUMP KIT","951.24","2","85","pcs","80855.4","2019/10/30","010","0","","","","","","","","12031201","71020000","","1","","","","","0","0","0","010","0","0","0","0","THB","1","50","1","1","0","0","0","0","*","*","*","*","2019/10/30","85","1","5019100340","","2019/10/31"
"96823","50","A021","1","1","500000096813","50OCN0000134645","50SLD0000217150","","0","0","","","","0","0","","0","0","1","D20130","8979429721","WATER PUMP KIT","ZZ","1K9B222700","51","897942-9721-SP","WATER PUMP KIT","951.24","2","14","pcs","13317.36","2019/10/30","010","0","","","","","","","","12031201","71020000","","1","","","","","0","0","0","010","0","0","0","0","THB","1","50","1","1","0","0","0","0","*","*","*","*","2019/10/30","14","1","5019100340","","2019/10/31"
"96824","50","A021","1","1","500000096814","50OCN0000138123","50SLD0000217151","","0","0","","","","0","0","","0","0","1","D20120","8979483260","BRAKE ASM;FRONT;","ZZ","DDKO247623","51","897948-3260","BRAKE ASSY Ft RH","9923.16","2","12","pcs","119077.92","2019/10/30","010","0","","","","","","","","12031201","71020000","","1","","","","","0","0","0","010","0","0","0","0","THB","1","50","1","1","0","0","0","0","*","*","*","*","2019/10/30","12","1","5019100346","","2019/10/31"
"96825","50","A021","1","1","500000096815","50OCN0000138124","50SLD0000217152","","0","0","","","","0","0","","0","0","1","D20120","8979483270","BRAKE ASM;FRONT;","ZZ","DDKO247624","51","897948-3270","BRAKE ASSY Ft LH","9923.16","2","12","pcs","119077.92","2019/10/30","010","0","","","","","","","","12031201","71020000","","1","","","","","0","0","0","010","0","0","0","0","THB","1","50","1","1","0","0","0","0","*","*","*","*","2019/10/30","12","1","5019100346","","2019/10/31"
"96826","50","A021","1","1","500000096816","50OCN0000138125","50SLD0000217153","","0","0","","","","0","0","","0","0","1","D20120","8979483360","BRAKE ASM;REAR;F","ZZ","DDKO247625","51","897948-3360","BRAKE ASSY Rr RH","12477.32","2","12","pcs","149727.84","2019/10/30","010","0","","","","","","","","12031201","71020000","","1","","","","","0","0","0","010","0","0","0","0","THB","1","50","1","1","0","0","0","0","*","*","*","*","2019/10/30","12","1","5019100346","","2019/10/31"
"96827","50","A021","1","1","500000096817","50OCN0000138126","50SLD0000217154","","0","0","","","","0","0","","0","0","1","D20120","8979483370","BRAKE ASM;REAR;F","ZZ","DDKO247626","51","897948-3370","BRAKE ASSY Rr LH","12477.32","2","12","pcs","149727.84","2019/10/30","010","0","","","","","","","","12031201","71020000","","1","","","","","0","0","0","010","0","0","0","0","THB","1","50","1","1","0","0","0","0","*","*","*","*","2019/10/30","12","1","5019100346","","2019/10/31"
"96828","50","A021","1","1","500000096818","50OCN0000138127","50SLD0000217155","","0","0","","","","0","0","","0","0","1","D20120","8979483440","BRAKE ASM;REAR;F","ZZ","DDKO247627","51","897948-3440","BRAKE ASSY FRr RH","12557.32","2","12","pcs","150687.84","2019/10/30","010","0","","","","","","","","12031201","71020000","","1","","","","","0","0","0","010","0","0","0","0","THB","1","50","1","1","0","0","0","0","*","*","*","*","2019/10/30","12","1","5019100346","","2019/10/31"
"96829","50","A021","1","1","500000096819","50OCN0000138128","50SLD0000217156","","0","0","","","","0","0","","0","0","1","D20120","8979483450","BRAKE ASM;REAR;F","ZZ","DDKO247628","51","897948-3450","BRAKE ASSY FRr LH","12557.32","2","12","pcs","150687.84","2019/10/30","010","0","","","","","","","","12031201","71020000","","1","","","","","0","0","0","010","0","0","0","0","THB","1","50","1","1","0","0","0","0","*","*","*","*","2019/10/30","12","1","5019100346","","2019/10/31"
"96830","50","A021","1","1","500000096820","50OCN0000138524","50SLD0000217157","","0","0","","","","0","0","","0","0","1","D20110","8981320560","BRACKET;COMMON R","ZZ","FYJO409005","51","898132-0560","BRACKET; COMMON RAIL","55.6","2","30","pcs","1668","2019/10/30","010","0","","","","","","","","12031201","71020000","","1","","","","","0","0","0","010","0","0","0","0","THB","1","50","1","1","0","0","0","0","*","*","*","*","2019/10/30","30","1","5019100354","","2019/10/31"
"96831","50","A021","1","1","500000096821","50OCN0000138624","50SLD0000217158","","0","0","","","","0","0","","0","0","1","D20110","8981320560","BRACKET;COMMON R","ZZ","FYJO409444","51","898132-0560","BRACKET; COMMON RAIL","55.6","2","30","pcs","1668","2019/10/31","010","0","","","","","","","","12031201","71020000","","1","","","","","0","0","0","010","0","0","0","0","THB","1","50","1","1","0","0","0","0","*","*","*","*","2019/10/31","30","1","5019100361","","2019/10/31"
"96832","50","A021","1","1","500000096822","50OCN0000138711","50SLD0000217159","","0","0","","","","0","0","","0","0","1","D20110","8981655171","PIPE;WATER","ZZ","FYJO409876","51","898165-5171","PIPE; WATER BYPASS","96.63","2","90","pcs","8696.7","2019/10/31","010","0","","","","","","","","12031201","71020000","","1","","","","","0","0","0","010","0","0","0","0","THB","1","50","1","1","0","0","0","0","*","*","*","*","2019/10/31","90","1","5019100361","","2019/10/31"
"96833","50","A021","1","1","500000096823","50OCN0000138512","50SLD0000217160","","0","0","","","","0","0","","0","0","1","D20110","8982319070","GEAR ASM;IDLE D","ZZ","FYJO603701","51","898231-9070","GEAR ASM; IDLE D","281.68","2","50","pcs","14084","2019/10/31","010","0","","","","","","","","12031201","71020000","","1","","","","","0","0","0","010","0","0","0","0","THB","1","50","1","1","0","0","0","0","*","*","*","*","2019/10/31","50","1","5019100365","","2019/10/31"
"96834","50","A021","1","1","500000096824","50OCN0000138626","50SLD0000217161","","0","0","","","","0","0","","0","0","1","D20110","8982319070","GEAR ASM;IDLE D","ZZ","FYJO409446","51","898231-9070","GEAR ASM; IDLE D","281.68","2","150","pcs","42252","2019/10/31","010","0","","","","","","","","12031201","71020000","","1","","","","","0","0","0","010","0","0","0","0","THB","1","50","1","1","0","0","0","0","*","*","*","*","2019/10/31","150","1","5019100361","","2019/10/31"
"96835","50","A021","1","1","500000096825","50OCN0000138530","50SLD0000217162","","0","0","","","","0","0","","0","0","1","D20110","8982319070","GEAR ASM;IDLE D","ZZ","FYJO409009","51","898231-9070","GEAR ASM; IDLE D","281.68","2","75","pcs","21126","2019/10/31","010","0","","","","","","","","12031201","71020000","","1","","","","","0","0","0","010","0","0","0","0","THB","1","50","1","1","0","0","0","0","*","*","*","*","2019/10/31","75","1","5019100361","","2019/10/31"
"96836","50","A021","1","1","500000096826","50OCN0000138529","50SLD0000217163","","0","0","","","","0","0","","0","0","1","D20110","8982319070","GEAR ASM;IDLE D","ZZ","DDJO400956","51","898231-9070","GEAR ASM; IDLE D","281.68","2","30","pcs","8450.4","2019/10/31","010","0","","","","","","","","12031201","71020000","","1","","","","","0","0","0","010","0","0","0","0","THB","1","50","1","1","0","0","0","0","*","*","*","*","2019/10/31","30","1","5019100361","","2019/10/31"
"96837","50","A021","1","1","500000096827","50OCN0000138513","50SLD0000217164","","0","0","","","","0","0","","0","0","1","D20110","8982326241","PUMP ASM;OIL","ZZ","FYJO603702","51","898232-6241","OIL PUMP ASSY","612.14","2","50","pcs","30607","2019/10/31","010","0","","","","","","","","12031201","71020000","","1","","","","","0","0","0","010","0","0","0","0","THB","1","50","1","1","0","0","0","0","*","*","*","*","2019/10/31","50","1","5019100365","","2019/10/31"
"96838","50","A021","1","1","500000096828","50OCN0000138628","50SLD0000217165","","0","0","","","","0","0","","0","0","1","D20110","8982326241","PUMP ASM;OIL","ZZ","FYJO409448","51","898232-6241","OIL PUMP ASSY","612.14","2","200","pcs","122428","2019/10/31","010","0","","","","","","","","12031201","71020000","","1","","","","","0","0","0","010","0","0","0","0","THB","1","50","1","1","0","0","0","0","*","*","*","*","2019/10/31","200","1","5019100361","","2019/10/31"
"96839","50","A021","1","1","500000096829","50OCN0000138716","50SLD0000217166","","0","0","","","","0","0","","0","0","1","D20110","8982326241","PUMP ASM;OIL","ZZ","FYJO409879","51","898232-6241","OIL PUMP ASSY","612.14","2","200","pcs","122428","2019/10/31","010","0","","","","","","","","12031201","71020000","","1","","","","","0","0","0","010","0","0","0","0","THB","1","50","1","1","0","0","0","0","*","*","*","*","2019/10/31","200","1","5019100362","","2019/10/31"
"96840","50","A021","1","1","500000096830","50OCN0000138715","50SLD0000217167","","0","0","","","","0","0","","0","0","1","D20110","8982326241","PUMP ASM;OIL","ZZ","FCJO400302","51","898232-6241","OIL PUMP ASSY","612.14","2","10","pcs","6121.4","2019/10/31","010","0","","","","","","","","12031201","71020000","","1","","","","","0","0","0","010","0","0","0","0","THB","1","50","1","1","0","0","0","0","*","*","*","*","2019/10/31","10","1","5019100361","","2019/10/31"
"96841","50","A021","1","1","500000096831","50OCN0000135678","50SLD0000217168","","0","0","","","","0","0","","0","0","1","D20130","8982326241","PUMP ASM;OIL;ENG","ZZ","1KOA284500","51","898232-6241-SP","OIL PUMP ASSY","694.18","2","3","pcs","2082.54","2019/10/30","010","0","","","","","","","","12031201","71020000","","1","","","","","0","0","0","010","0","0","0","0","THB","1","50","1","1","0","0","0","0","*","*","*","*","2019/10/30","3","1","5019100341","","2019/10/31"
"96842","50","A021","1","1","500000096832","50OCN0000135590","50SLD0000217169","","0","0","","","","0","0","","0","0","1","D20111","8982432260","COVER;TIMING CHAIN;UPPER","ZZ","ANJO000216","51","898243-2260","COVER; TIMING CHAIN UPPER","115.71","2","90","pcs","10413.9","2019/10/30","010","0","","","","","","","","12031201","71020000","","1","","","","","0","0","0","010","0","0","0","0","THB","1","50","1","1","0","0","0","0","*","*","*","*","2019/10/30","90","1","5019100356","","2019/10/31"
"96843","50","A021","1","1","500000096833","50OCN0000138534","50SLD0000217170","","0","0","","","","0","0","","0","0","1","D20110","8982432260","COVER;TIMING CHA","ZZ","FYJO409012","51","898243-2260","COVER; TIMING CHAIN UPPER","115.71","2","360","pcs","41655.6","2019/10/30","010","0","","","","","","","","12031201","71020000","","1","","","","","0","0","0","010","0","0","0","0","THB","1","50","1","1","0","0","0","0","*","*","*","*","2019/10/30","360","1","5019100354","","2019/10/31"
"96844","50","A021","1","1","500000096834","50OCN0000137954","50SLD0000217171","","0","0","","","","0","0","","0","0","1","D20113","8982446240","BRACKET ASM;CAM NO.1","ZZ","DMJO800591","51","898244-6240","BRACKET ASM;CAM NO.1","202.48","2","600","pcs","121488","2019/10/30","010","0","","","","","","","","12031201","71020000","","1","","","","","0","0","0","010","0","0","0","0","THB","1","50","1","1","0","0","0","0","*","*","*","*","2019/10/30","600","1","5019100357","","2019/10/31"
"96845","50","A021","1","1","500000096835","50OCN0000137956","50SLD0000217172","","0","0","","","","0","0","","0","0","1","D20113","8982446250","BRACKET ASM;CAM NO.2","ZZ","DMJO800593","51","898244-6250","BRACKET ASM;CAM NO.2","174.71","2","600","pcs","104826","2019/10/30","010","0","","","","","","","","12031201","71020000","","1","","","","","0","0","0","010","0","0","0","0","THB","1","50","1","1","0","0","0","0","*","*","*","*","2019/10/30","600","1","5019100357","","2019/10/31"
"96846","50","A021","1","1","500000096836","50OCN0000137958","50SLD0000217173","","0","0","","","","0","0","","0","0","1","D20113","8982446260","BRACKET ASM;CAM NO.3","ZZ","DMJO800595","51","898244-6260","BRACKET ASM;CAM NO.3","174.71","2","600","pcs","104826","2019/10/30","010","0","","","","","","","","12031201","71020000","","1","","","","","0","0","0","010","0","0","0","0","THB","1","50","1","1","0","0","0","0","*","*","*","*","2019/10/30","600","1","5019100357","","2019/10/31"
"96847","50","A021","1","1","500000096837","50OCN0000137960","50SLD0000217174","","0","0","","","","0","0","","0","0","1","D20113","8982446270","BRACKET ASM;CAM NO.4","ZZ","DMJO800597","51","898244-6270","BRACKET ASM;CAM NO.4","174.71","2","600","pcs","104826","2019/10/30","010","0","","","","","","","","12031201","71020000","","1","","","","","0","0","0","010","0","0","0","0","THB","1","50","1","1","0","0","0","0","*","*","*","*","2019/10/30","600","1","5019100357","","2019/10/31"
"96848","50","A021","1","1","500000096838","50OCN0000137962","50SLD0000217175","","0","0","","","","0","0","","0","0","1","D20113","8982446280","BRACKET ASM;CAM NO.5","ZZ","DMJO800599","51","898244-6280","BRACKET ASM;CAM NO.5","122.15","2","600","pcs","73290","2019/10/30","010","0","","","","","","","","12031201","71020000","","1","","","","","0","0","0","010","0","0","0","0","THB","1","50","1","1","0","0","0","0","*","*","*","*","2019/10/30","600","1","5019100357","","2019/10/31"
"96849","50","A021","1","1","500000096839","50OCN0000138630","50SLD0000217176","","0","0","","","","0","0","","0","0","1","D20110","8982481601","GEAR ASM;CAMSHAF","ZZ","FKJO402772","51","898248-1601","GEAR ASM; CAMSHAFT  INLET MAIN","164.82","2","300","pcs","49446","2019/10/31","010","0","","","","","","","","12031201","71020000","","1","","","","","0","0","0","010","0","0","0","0","THB","1","50","1","1","0","0","0","0","*","*","*","*","2019/10/31","300","1","5019100363","","2019/10/31"
"96850","50","A021","1","1","500000096840","50OCN0000138537","50SLD0000217177","","0","0","","","","0","0","","0","0","1","D20110","8982481601","GEAR ASM;CAMSHAF","ZZ","FKJO402608","51","898248-1601","GEAR ASM; CAMSHAFT  INLET MAIN","164.82","2","90","pcs","14833.8","2019/10/31","010","0","","","","","","","","12031201","71020000","","1","","","","","0","0","0","010","0","0","0","0","THB","1","50","1","1","0","0","0","0","*","*","*","*","2019/10/31","90","1","5019100363","","2019/10/31"
"96851","50","A021","1","1","500000096841","50OCN0000138536","50SLD0000217178","","0","0","","","","0","0","","0","0","1","D20110","8982481601","GEAR ASM;CAMSHAF","ZZ","DFJO401637","51","898248-1601","GEAR ASM; CAMSHAFT  INLET MAIN","164.82","2","90","pcs","14833.8","2019/10/31","010","0","","","","","","","","12031201","71020000","","1","","","","","0","0","0","010","0","0","0","0","THB","1","50","1","1","0","0","0","0","*","*","*","*","2019/10/31","90","1","5019100363","","2019/10/31"
"96852","50","A021","1","1","500000096842","50OCN0000138632","50SLD0000217179","","0","0","","","","0","0","","0","0","1","D20110","8982481612","GEAR ASM;CAM;SUB","ZZ","FKJO402774","51","898248-1612","GEAR ASM; CAMSHAFT  INLET SUB","97.3","2","300","pcs","29190","2019/10/31","010","0","","","","","","","","12031201","71020000","","1","","","","","0","0","0","010","0","0","0","0","THB","1","50","1","1","0","0","0","0","*","*","*","*","2019/10/31","300","1","5019100363","","2019/10/31"
"96853","50","A021","1","1","500000096843","50OCN0000138540","50SLD0000217180","","0","0","","","","0","0","","0","0","1","D20110","8982481612","GEAR ASM;CAM;SUB","ZZ","FKJO402609","51","898248-1612","GEAR ASM; CAMSHAFT  INLET SUB","97.3","2","90","pcs","8757","2019/10/31","010","0","","","","","","","","12031201","71020000","","1","","","","","0","0","0","010","0","0","0","0","THB","1","50","1","1","0","0","0","0","*","*","*","*","2019/10/31","90","1","5019100363","","2019/10/31"
"96854","50","A021","1","1","500000096844","50OCN0000138539","50SLD0000217181","","0","0","","","","0","0","","0","0","1","D20110","8982481612","GEAR ASM;CAM;SUB","ZZ","DFJO401639","51","898248-1612","GEAR ASM; CAMSHAFT  INLET SUB","97.3","2","90","pcs","8757","2019/10/31","010","0","","","","","","","","12031201","71020000","","1","","","","","0","0","0","010","0","0","0","0","THB","1","50","1","1","0","0","0","0","*","*","*","*","2019/10/31","90","1","5019100363","","2019/10/31"
"96855","50","A021","1","1","500000096845","50OCN0000134644","50SLD0000217182","","0","0","","","","0","0","","0","0","1","D20130","8982482551","WATER PUMP ASM","ZZ","1K9B560100","51","898248-2551-SP","WATER PUMP ASSY","435.64","2","120","pcs","52276.8","2019/10/30","010","0","","","","","","","","12031201","71020000","","1","","","","","0","0","0","010","0","0","0","0","THB","1","50","1","1","0","0","0","0","*","*","*","*","2019/10/30","120","1","5019100340","","2019/10/31"
"96856","50","A021","1","1","500000096846","50OCN0000138129","50SLD0000217183","","0","0","","","","0","0","","0","0","1","D20120","8983153723","BRAKE ASM;FRONT (STD)","ZZ","DDKO247629","51","898315-3723","BRAKE ASSY Ft RH (STD)","9396","2","12","pcs","112752","2019/10/30","010","0","","","","","","","","12031201","71020000","","1","","","","","0","0","0","010","0","0","0","0","THB","1","50","1","1","0","0","0","0","*","*","*","*","2019/10/30","12","1","5019100346","","2019/10/31"
"96857","50","A021","1","1","500000096847","50OCN0000138572","50SLD0000217184","","0","0","","","","0","0","","0","0","1","D20120","8983153723","BRAKE ASM;FRONT (STD)","ZZ","DDKO248248","51","898315-3723","BRAKE ASSY Ft RH (STD)","9396","2","12","pcs","112752","2019/10/31","010","0","","","","","","","","12031201","71020000","","1","","","","","0","0","0","010","0","0","0","0","THB","1","50","1","1","0","0","0","0","*","*","*","*","2019/10/31","12","1","5019100360","","2019/10/31"
"96858","50","A021","1","1","500000096848","50OCN0000138130","50SLD0000217185","","0","0","","","","0","0","","0","0","1","D20120","8983153733","BRAKE ASM;FRONT (STD)","ZZ","DDKO247630","51","898315-3733","BRAKE ASSY Ft LH (STD)","9396","2","12","pcs","112752","2019/10/30","010","0","","","","","","","","12031201","71020000","","1","","","","","0","0","0","010","0","0","0","0","THB","1","50","1","1","0","0","0","0","*","*","*","*","2019/10/30","12","1","5019100346","","2019/10/31"
"96859","50","A021","1","1","500000096849","50OCN0000138573","50SLD0000217186","","0","0","","","","0","0","","0","0","1","D20120","8983153733","BRAKE ASM;FRONT (STD)","ZZ","DDKO248249","51","898315-3733","BRAKE ASSY Ft LH (STD)","9396","2","12","pcs","112752","2019/10/31","010","0","","","","","","","","12031201","71020000","","1","","","","","0","0","0","010","0","0","0","0","THB","1","50","1","1","0","0","0","0","*","*","*","*","2019/10/31","12","1","5019100360","","2019/10/31"
"96860","50","A021","1","1","500000096850","50OCN0000138131","50SLD0000217187","","0","0","","","","0","0","","0","0","1","D20120","8983156983","BRAKE ASM;REAR;F (STD)","ZZ","DDKO247631","51","898315-6983","BRAKE ASSY FRr RH (STD)","9975","2","12","pcs","119700","2019/10/30","010","0","","","","","","","","12031201","71020000","","1","","","","","0","0","0","010","0","0","0","0","THB","1","50","1","1","0","0","0","0","*","*","*","*","2019/10/30","12","1","5019100346","","2019/10/31"
"96861","50","A021","1","1","500000096851","50OCN0000138132","50SLD0000217188","","0","0","","","","0","0","","0","0","1","D20120","8983156993","BRAKE ASM;REAR;F (STD)","ZZ","DDKO247632","51","898315-6993","BRAKE ASSY FRr LH (STD)","9975","2","12","pcs","119700","2019/10/30","010","0","","","","","","","","12031201","71020000","","1","","","","","0","0","0","010","0","0","0","0","THB","1","50","1","1","0","0","0","0","*","*","*","*","2019/10/30","12","1","5019100346","","2019/10/31"
"96862","50","A021","1","1","500000096852","50OCN0000138574","50SLD0000217189","","0","0","","","","0","0","","0","0","1","D20120","8983157052","BRAKE ASM;REAR;F (STD)","ZZ","DDKO248250","51","898315-7052","BRAKE ASSY FRr RH (STD)","9975","2","12","pcs","119700","2019/10/31","010","0","","","","","","","","12031201","71020000","","1","","","","","0","0","0","010","0","0","0","0","THB","1","50","1","1","0","0","0","0","*","*","*","*","2019/10/31","12","1","5019100360","","2019/10/31"
"96863","50","A021","1","1","500000096853","50OCN0000138575","50SLD0000217190","","0","0","","","","0","0","","0","0","1","D20120","8983157062","BRAKE ASM;REAR;F (STD)","ZZ","DDKO248251","51","898315-7062","BRAKE ASSY FRr LH (STD)","9975","2","12","pcs","119700","2019/10/31","010","0","","","","","","","","12031201","71020000","","1","","","","","0","0","0","010","0","0","0","0","THB","1","50","1","1","0","0","0","0","*","*","*","*","2019/10/31","12","1","5019100360","","2019/10/31"
"96864","50","A021","1","1","500000096854","50OCN0000138133","50SLD0000217191","","0","0","","","","0","0","","0","0","1","D20120","8983157293","BRAKE ASM;REAR;R (STD)","ZZ","DDKO247633","51","898315-7293","BRAKE ASSY RRr R (STD)","9689","2","12","pcs","116268","2019/10/30","010","0","","","","","","","","12031201","71020000","","1","","","","","0","0","0","010","0","0","0","0","THB","1","50","1","1","0","0","0","0","*","*","*","*","2019/10/30","12","1","5019100347","","2019/10/31"
"96865","50","A021","1","1","500000096855","50OCN0000138134","50SLD0000217192","","0","0","","","","0","0","","0","0","1","D20120","8983157353","BRAKE ASM;REAR;R (STD)","ZZ","DDKO247634","51","898315-7353","BRAKE ASSY RRr LH (ABS)","9689","2","12","pcs","116268","2019/10/30","010","0","","","","","","","","12031201","71020000","","1","","","","","0","0","0","010","0","0","0","0","THB","1","50","1","1","0","0","0","0","*","*","*","*","2019/10/30","12","1","5019100347","","2019/10/31"
"96866","50","A021","1","1","500000096856","50OCN0000134642","50SLD0000217193","","0","0","","","","0","0","","0","0","1","D20130","8983198575","GEAR;CRANK","ZZ","1K9C004800","51","898319-8575-SP","GEAR; CRANK","223.43","2","3","pcs","670.29","2019/10/30","010","0","","","","","","","","12031201","71020000","","1","","","","","0","0","0","010","0","0","0","0","THB","1","50","1","1","0","0","0","0","*","*","*","*","2019/10/30","3","1","5019100340","","2019/10/31"
"96867","50","A021","1","1","500000096857","50OCN0000134641","50SLD0000217194","","0","0","","","","0","0","","0","0","1","D20130","8983199602","GEAR ASM;IDLE B; W/BUSH","ZZ","1K9C005000","51","898319-9602-SP","GEAR ASM; IDLE B; W/BUSH","242.92","2","1","pcs","242.92","2019/10/30","010","0","","","","","","","","12031201","71020000","","1","","","","","0","0","0","010","0","0","0","0","THB","1","50","1","1","0","0","0","0","*","*","*","*","2019/10/30","1","1","5019100340","","2019/10/31"
"96868","50","A021","1","1","500000096858","50OCN0000134640","50SLD0000217195","","0","0","","","","0","0","","0","0","1","D20130","8983208638","PUMP ASM;OIL","ZZ","1K9C005400","51","898320-8638-SP","OIL PUMP ASSY","927.28","2","4","pcs","3709.12","2019/10/30","010","0","","","","","","","","12031201","71020000","","1","","","","","0","0","0","010","0","0","0","0","THB","1","50","1","1","0","0","0","0","*","*","*","*","2019/10/30","4","1","5019100340","","2019/10/31"
"96869","50","A021","1","1","500000096859","50OCN0000138634","50SLD0000217196","","0","0","","","","0","0","","0","0","1","D20110","8983518020","GEAR;CRANKSHAFT","ZZ","FKJO402776","51","898351-8020","GEAR;CRANK","259.98","2","300","pcs","77994","2019/10/31","010","0","","","","","","","","12031201","71020000","","1","","","","","0","0","0","010","0","0","0","0","THB","1","50","1","1","0","0","0","0","*","*","*","*","2019/10/31","300","1","5019100364","","2019/10/31"
"96870","50","A021","1","1","500000096860","50OCN0000138542","50SLD0000217197","","0","0","","","","0","0","","0","0","1","D20110","8983518020","GEAR;CRANKSHAFT","ZZ","DFJO401641","51","898351-8020","GEAR;CRANK","259.98","2","90","pcs","23398.2","2019/10/31","010","0","","","","","","","","12031201","71020000","","1","","","","","0","0","0","010","0","0","0","0","THB","1","50","1","1","0","0","0","0","*","*","*","*","2019/10/31","90","1","5019100364","","2019/10/31"
"96871","50","A021","1","1","500000096861","50OCN0000138543","50SLD0000217198","","0","0","","","","0","0","","0","0","1","D20110","8983518020","GEAR;CRANKSHAFT","ZZ","FKJO402610","51","898351-8020","GEAR;CRANK","259.98","2","90","pcs","23398.2","2019/10/31","010","0","","","","","","","","12031201","71020000","","1","","","","","0","0","0","010","0","0","0","0","THB","1","50","1","1","0","0","0","0","*","*","*","*","2019/10/31","90","1","5019100364","","2019/10/31"
"96872","50","A021","1","1","500000096862","50OCN0000134639","50SLD0000217199","","0","0","","","","0","0","","0","0","1","D20130","8983518020","GEAR;CRANK","ZZ","1K9C011300","51","898351-8020-SP","GEAR;CRANK","281.77","2","2","pcs","563.54","2019/10/30","010","0","","","","","","","","12031201","71020000","","1","","","","","0","0","0","010","0","0","0","0","THB","1","50","1","1","0","0","0","0","*","*","*","*","2019/10/30","2","1","5019100340","","2019/10/31"
"96873","50","A021","1","1","500000096716","50OCN0000138640","50SLD0000217025","","0","0","","","","0","0","","0","0","1","D20410","49373-25591","HOUSING BEARING ASSY","ZZ","2B19100022","52","49373-25591-LP","HOUSING BEARING ASSY","406.46","2","504","pcs","204855.84","2019/10/30","010","0","","","","","","","","12031201","71020000","","1","","","","","0","0","0","010","0","0","0","0","THB","1","50","1","1","0","0","0","0","*","*","*","*","2019/10/30","504","1","9219100358","","2019/10/31"
"96874","50","A021","1","1","500000096717","50OCN0000138797","50SLD0000217026","","0","0","","","","0","0","","0","0","1","D20410","49373-25160","HOUSING BEARING SUB ASSY","ZZ","2B19100022","52","49373-25160","HOUSING BEARING SUB ASSY","339.09","2","504","pcs","170901.36","2019/10/30","010","0","","","","","","","","12031201","71020000","","1","","","","","0","0","0","010","0","0","0","0","THB","1","50","1","1","0","0","0","0","*","*","*","*","2019/10/30","504","1","9019100151","","2019/10/31"
"96875","50","A021","1","1","500000096718","50OCN0000138644","50SLD0000217027","","0","0","","","","0","0","","0","0","1","D20410","49373-25591","HOUSING BEARING ASSY","ZZ","2B19100022","52","49373-25591-LP","HOUSING BEARING ASSY","406.46","2","504","pcs","204855.84","2019/10/30","010","0","","","","","","","","12031201","71020000","","1","","","","","0","0","0","010","0","0","0","0","THB","1","50","1","1","0","0","0","0","*","*","*","*","2019/10/31","504","1","9219100364","","2019/10/31"
"96876","50","A021","1","1","500000096907","50OCN0000138088","50SLD0000217332","","0","0","","","","0","0","","0","0","1","D20710","1740058M00000","PUMP ASSY WATER","ZZ","NT015081139","51","17400-58M00","PUMP ASSY WATER","437.76","2","270","pcs","118195.2","2019/10/30","010","0","","","","","","","","12031201","71020000","","1","","","","","0","0","0","010","0","0","0","0","THB","1","50","1","1","0","0","0","0","*","*","*","*","2019/10/30","270","1","F419100011","","2019/10/31"